Workbook

Sheet Model
A1: Pensionsalder model
A3: Input
A4: Levealder | B4: 95 | C4: aar
A5: Nuvaerende portefolje | B5: 7000000 | C5: kr
A6: Aarligt forbrug efter skat | B6: 800000 | C6: kr i dag
A7: Aarligt afkast REAL foer skat | B7: 0.07 | C7: %
A8: Skat paa afkast | B8: 0.22 | C8: %
A9: Skat paa udbetalinger | B9: 0.38 | C9: %
A10: Nuvaerende alder | B10: 35 | C10: aar
A11: Offentlig pensionsudbetaling start | B11: 73 | C11: aar
A12: Sats for offentlig pension foer skat | B12: 7544 | C12: kr pr maaned i dag
A13: Inflation til nominelle visninger | B13: 0.02 | C13: %
A14: Bijob efter pensionsalder foer skat | B14: 10000 | C14: kr pr maaned i dag
A15: Bijob varighed efter pensionsalder | B15: 10 | C15: aar
A17: Beregninger
A18: Aarligt realafkast efter skat | B18: =B7*(1-B8)
A19: Offentlig pension foer skat, aarligt | B19: =B12*12
A20: Offentlig pension efter skat, aarligt | B20: =B19*(1-B9)
A21: Bijob foer skat, aarligt | B21: =B14*12
A22: Bijob efter skat, aarligt | B22: =B21*(1-B9)
A23: Bijob varighed | B23: =B15
A24: Optimal pensionsalder | B24: =IFERROR(INDEX('Aarlig projektion'!A2:A122,MATCH(TRUE,'Aarlig projektion'!K2:K122,0)),"Ikke opnaaet")
A25: Portefolje ved optimal alder | B25: =IF(ISNUMBER(B24),INDEX('Aarlig projektion'!C2:C122,MATCH(B24,'Aarlig projektion'!A2:A122,0)),"")
A26: Behov ved optimal alder | B26: =IF(ISNUMBER(B24),INDEX('Aarlig projektion'!D2:D122,MATCH(B24,'Aarlig projektion'!A2:A122,0)),"")
A27: Margin ved optimal alder | B27: =IF(ISNUMBER(B24),B25-B26,"")
A29: Antagelser
A30: Alle hovedbeloeb er i realkroner, fordi afkastinput er realt.
A31: Offentlig pension antages fuldt inflationsjusteret, saa dens reale koebekraft er konstant.
A32: Bijob antages at starte ved pensionsalderen, loebe i det valgte antal aar og have konstant real koebekraft.
A33: Portefoljebehovet er brutto foer udbetalingsskat og beregnes, saa portefoljen er 0 kr ved slutningen af levealderen.
A34: Udbetalinger antages at ske ved starten af hvert pensionsaar; resterende saldo investeres fortsat.

Sheet Aarlig projektion
A1: Alder | B1: Aar fra nu | C1: Forventet portefolje | D1: Nodvendig portefolje | E1: Offentlig pension efter skat | F1: Bijob efter skat i foerste pensionsaar | G1: Samlet indkomst efter skat i foerste pensionsaar | H1: Nettoforbrug fra portefolje | I1: Brutto udbetaling fra portefolje | J1: Margin | K1: Kan pensioneres | L1: Offentlig pension nominelt foer skat | M1: Bijob nominelt foer skat i foerste pensionsaar | N1: PV behov +0 aar | O1: PV behov +1 aar | P1: PV behov +2 aar | Q1: PV behov +3 aar | R1: PV behov +4 aar | S1: PV behov +5 aar | T1: PV behov +6 aar | U1: PV behov +7 aar | V1: PV behov +8 aar | W1: PV behov +9 aar | X1: PV behov +10 aar | Y1: PV behov +11 aar | Z1: PV behov +12 aar | AA1: PV behov +13 aar | AB1: PV behov +14 aar | AC1: PV behov +15 aar | AD1: PV behov +16 aar | AE1: PV behov +17 aar | AF1: PV behov +18 aar | AG1: PV behov +19 aar | AH1: PV behov +20 aar | AI1: PV behov +21 aar | AJ1: PV behov +22 aar | AK1: PV behov +23 aar | AL1: PV behov +24 aar | AM1: PV behov +25 aar | AN1: PV behov +26 aar | AO1: PV behov +27 aar | AP1: PV behov +28 aar | AQ1: PV behov +29 aar | AR1: PV behov +30 aar | AS1: PV behov +31 aar | AT1: PV behov +32 aar | AU1: PV behov +33 aar | AV1: PV behov +34 aar | AW1: PV behov +35 aar | AX1: PV behov +36 aar | AY1: PV behov +37 aar | AZ1: PV behov +38 aar | BA1: PV behov +39 aar | BB1: PV behov +40 aar | BC1: PV behov +41 aar | BD1: PV behov +42 aar | BE1: PV behov +43 aar | BF1: PV behov +44 aar | BG1: PV behov +45 aar | BH1: PV behov +46 aar | BI1: PV behov +47 aar | BJ1: PV behov +48 aar | BK1: PV behov +49 aar | BL1: PV behov +50 aar | BM1: PV behov +51 aar | BN1: PV behov +52 aar | BO1: PV behov +53 aar | BP1: PV behov +54 aar | BQ1: PV behov +55 aar | BR1: PV behov +56 aar | BS1: PV behov +57 aar | BT1: PV behov +58 aar | BU1: PV behov +59 aar | BV1: PV behov +60 aar | BW1: PV behov +61 aar | BX1: PV behov +62 aar | BY1: PV behov +63 aar | BZ1: PV behov +64 aar | CA1: PV behov +65 aar | CB1: PV behov +66 aar | CC1: PV behov +67 aar | CD1: PV behov +68 aar | CE1: PV behov +69 aar | CF1: PV behov +70 aar | CG1: PV behov +71 aar | CH1: PV behov +72 aar | CI1: PV behov +73 aar | CJ1: PV behov +74 aar | CK1: PV behov +75 aar | CL1: PV behov +76 aar | CM1: PV behov +77 aar | CN1: PV behov +78 aar | CO1: PV behov +79 aar | CP1: PV behov +80 aar | CQ1: PV behov +81 aar | CR1: PV behov +82 aar | CS1: PV behov +83 aar | CT1: PV behov +84 aar | CU1: PV behov +85 aar | CV1: PV behov +86 aar | CW1: PV behov +87 aar | CX1: PV behov +88 aar | CY1: PV behov +89 aar | CZ1: PV behov +90 aar | DA1: PV behov +91 aar | DB1: PV behov +92 aar | DC1: PV behov +93 aar | DD1: PV behov +94 aar | DE1: PV behov +95 aar | DF1: PV behov +96 aar | DG1: PV behov +97 aar | DH1: PV behov +98 aar | DI1: PV behov +99 aar | DJ1: PV behov +100 aar | DK1: PV behov +101 aar | DL1: PV behov +102 aar | DM1: PV behov +103 aar | DN1: PV behov +104 aar | DO1: PV behov +105 aar | DP1: PV behov +106 aar | DQ1: PV behov +107 aar | DR1: PV behov +108 aar | DS1: PV behov +109 aar | DT1: PV behov +110 aar | DU1: PV behov +111 aar | DV1: PV behov +112 aar | DW1: PV behov +113 aar | DX1: PV behov +114 aar | DY1: PV behov +115 aar | DZ1: PV behov +116 aar | EA1: PV behov +117 aar | EB1: PV behov +118 aar | EC1: PV behov +119 aar | ED1: PV behov +120 aar
A2: =IF(Model!$B$10+ROW()-2<=Model!$B$4,Model!$B$10+ROW()-2,"") | B2: =IF(A2="","",A2-Model!$B$10) | C2: =IF(A2="","",Model!$B$5*(1+Model!$B$18)^B2) | D2: =IF(A2="","",SUM(N2:ED2)) | E2: =IF(A2="","",IF(A2>=Model!$B$11,Model!$B$20,0)) | F2: =IF(A2="","",IF(Model!$B$15>0,Model!$B$22,0)) | G2: =IF(A2="","",E2+F2) | H2: =IF(A2="","",MAX(0,Model!$B$6-G2)) | I2: =IF(A2="","",H2/(1-Model!$B$9)) | J2: =IF(A2="","",C2-D2) | K2: =IF(A2="","",C2>=D2) | L2: =IF(A2="","",IF(A2>=Model!$B$11,Model!$B$19*(1+Model!$B$13)^B2,0)) | M2: =IF(A2="","",IF(Model!$B$15>0,Model!$B$21*(1+Model!$B$13)^B2,0)) | N2: =IF(A2="","",IF((A2+0)>Model!$B$4,0,MAX(0,Model!$B$6-IF((A2+0)>=Model!$B$11,Model!$B$20,0)-IF(0<Model!$B$15,Model!$B$22,0))/(1-Model!$B$9)/(1+Model!$B$18)^0)) | O2: =IF(A2="","",IF((A2+1)>Model!$B$4,0,MAX(0,Model!$B$6-IF((A2+1)>=Model!$B$11,Model!$B$20,0)-IF(1<Model!$B$15,Model!$B$22,0))/(1-Model!$B$9)/(1+Model!$B$18)^1)) | P2: =IF(A2="","",IF((A2+2)>Model!$B$4,0,MAX(0,Model!$B$6-IF((A2+2)>=Model!$B$11,Model!$B$20,0)-IF(2<Model!$B$15,Model!$B$22,0))/(1-Model!$B$9)/(1+Model!$B$18)^2)) | Q2: =IF(A2="","",IF((A2+3)>Model!$B$4,0,MAX(0,Model!$B$6-IF((A2+3)>=Model!$B$11,Model!$B$20,0)-IF(3<Model!$B$15,Model!$B$22,0))/(1-Model!$B$9)/(1+Model!$B$18)^3)) | R2: =IF(A2="","",IF((A2+4)>Model!$B$4,0,MAX(0,Model!$B$6-IF((A2+4)>=Model!$B$11,Model!$B$20,0)-IF(4<Model!$B$15,Model!$B$22,0))/(1-Model!$B$9)/(1+Model!$B$18)^4)) | S2: =IF(A2="","",IF((A2+5)>Model!$B$4,0,MAX(0,Model!$B$6-IF((A2+5)>=Model!$B$11,Model!$B$20,0)-IF(5<Model!$B$15,Model!$B$22,0))/(1-Model!$B$9)/(1+Model!$B$18)^5)) | T2: =IF(A2="","",IF((A2+6)>Model!$B$4,0,MAX(0,Model!$B$6-IF((A2+6)>=Model!$B$11,Model!$B$20,0)-IF(6<Model!$B$15,Model!$B$22,0))/(1-Model!$B$9)/(1+Model!$B$18)^6)) | U2: =IF(A2="","",IF((A2+7)>Model!$B$4,0,MAX(0,Model!$B$6-IF((A2+7)>=Model!$B$11,Model!$B$20,0)-IF(7<Model!$B$15,Model!$B$22,0))/(1-Model!$B$9)/(1+Model!$B$18)^7)) | V2: =IF(A2="","",IF((A2+8)>Model!$B$4,0,MAX(0,Model!$B$6-IF((A2+8)>=Model!$B$11,Model!$B$20,0)-IF(8<Model!$B$15,Model!$B$22,0))/(1-Model!$B$9)/(1+Model!$B$18)^8)) | W2: =IF(A2="","",IF((A2+9)>Model!$B$4,0,MAX(0,Model!$B$6-IF((A2+9)>=Model!$B$11,Model!$B$20,0)-IF(9<Model!$B$15,Model!$B$22,0))/(1-Model!$B$9)/(1+Model!$B$18)^9)) | X2: =IF(A2="","",IF((A2+10)>Model!$B$4,0,MAX(0,Model!$B$6-IF((A2+10)>=Model!$B$11,Model!$B$20,0)-IF(10<Model!$B$15,Model!$B$22,0))/(1-Model!$B$9)/(1+Model!$B$18)^10)) | Y2: =IF(A2="","",IF((A2+11)>Model!$B$4,0,MAX(0,Model!$B$6-IF((A2+11)>=Model!$B$11,Model!$B$20,0)-IF(11<Model!$B$15,Model!$B$22,0))/(1-Model!$B$9)/(1+Model!$B$18)^11)) | Z2: =IF(A2="","",IF((A2+12)>Model!$B$4,0,MAX(0,Model!$B$6-IF((A2+12)>=Model!$B$11,Model!$B$20,0)-IF(12<Model!$B$15,Model!$B$22,0))/(1-Model!$B$9)/(1+Model!$B$18)^12)) | AA2: =IF(A2="","",IF((A2+13)>Model!$B$4,0,MAX(0,Model!$B$6-IF((A2+13)>=Model!$B$11,Model!$B$20,0)-IF(13<Model!$B$15,Model!$B$22,0))/(1-Model!$B$9)/(1+Model!$B$18)^13)) | AB2: =IF(A2="","",IF((A2+14)>Model!$B$4,0,MAX(0,Model!$B$6-IF((A2+14)>=Model!$B$11,Model!$B$20,0)-IF(14<Model!$B$15,Model!$B$22,0))/(1-Model!$B$9)/(1+Model!$B$18)^14)) | AC2: =IF(A2="","",IF((A2+15)>Model!$B$4,0,MAX(0,Model!$B$6-IF((A2+15)>=Model!$B$11,Model!$B$20,0)-IF(15<Model!$B$15,Model!$B$22,0))/(1-Model!$B$9)/(1+Model!$B$18)^15)) | AD2: =IF(A2="","",IF((A2+16)>Model!$B$4,0,MAX(0,Model!$B$6-IF((A2+16)>=Model!$B$11,Model!$B$20,0)-IF(16<Model!$B$15,Model!$B$22,0))/(1-Model!$B$9)/(1+Model!$B$18)^16)) | AE2: =IF(A2="","",IF((A2+17)>Model!$B$4,0,MAX(0,Model!$B$6-IF((A2+17)>=Model!$B$11,Model!$B$20,0)-IF(17<Model!$B$15,Model!$B$22,0))/(1-Model!$B$9)/(1+Model!$B$18)^17)) | AF2: =IF(A2="","",IF((A2+18)>Model!$B$4,0,MAX(0,Model!$B$6-IF((A2+18)>=Model!$B$11,Model!$B$20,0)-IF(18<Model!$B$15,Model!$B$22,0))/(1-Model!$B$9)/(1+Model!$B$18)^18)) | AG2: =IF(A2="","",IF((A2+19)>Model!$B$4,0,MAX(0,Model!$B$6-IF((A2+19)>=Model!$B$11,Model!$B$20,0)-IF(19<Model!$B$15,Model!$B$22,0))/(1-Model!$B$9)/(1+Model!$B$18)^19)) | AH2: =IF(A2="","",IF((A2+20)>Model!$B$4,0,MAX(0,Model!$B$6-IF((A2+20)>=Model!$B$11,Model!$B$20,0)-IF(20<Model!$B$15,Model!$B$22,0))/(1-Model!$B$9)/(1+Model!$B$18)^20)) | AI2: =IF(A2="","",IF((A2+21)>Model!$B$4,0,MAX(0,Model!$B$6-IF((A2+21)>=Model!$B$11,Model!$B$20,0)-IF(21<Model!$B$15,Model!$B$22,0))/(1-Model!$B$9)/(1+Model!$B$18)^21)) | AJ2: =IF(A2="","",IF((A2+22)>Model!$B$4,0,MAX(0,Model!$B$6-IF((A2+22)>=Model!$B$11,Model!$B$20,0)-IF(22<Model!$B$15,Model!$B$22,0))/(1-Model!$B$9)/(1+Model!$B$18)^22)) | AK2: =IF(A2="","",IF((A2+23)>Model!$B$4,0,MAX(0,Model!$B$6-IF((A2+23)>=Model!$B$11,Model!$B$20,0)-IF(23<Model!$B$15,Model!$B$22,0))/(1-Model!$B$9)/(1+Model!$B$18)^23)) | AL2: =IF(A2="","",IF((A2+24)>Model!$B$4,0,MAX(0,Model!$B$6-IF((A2+24)>=Model!$B$11,Model!$B$20,0)-IF(24<Model!$B$15,Model!$B$22,0))/(1-Model!$B$9)/(1+Model!$B$18)^24)) | AM2: =IF(A2="","",IF((A2+25)>Model!$B$4,0,MAX(0,Model!$B$6-IF((A2+25)>=Model!$B$11,Model!$B$20,0)-IF(25<Model!$B$15,Model!$B$22,0))/(1-Model!$B$9)/(1+Model!$B$18)^25)) | AN2: =IF(A2="","",IF((A2+26)>Model!$B$4,0,MAX(0,Model!$B$6-IF((A2+26)>=Model!$B$11,Model!$B$20,0)-IF(26<Model!$B$15,Model!$B$22,0))/(1-Model!$B$9)/(1+Model!$B$18)^26)) | AO2: =IF(A2="","",IF((A2+27)>Model!$B$4,0,MAX(0,Model!$B$6-IF((A2+27)>=Model!$B$11,Model!$B$20,0)-IF(27<Model!$B$15,Model!$B$22,0))/(1-Model!$B$9)/(1+Model!$B$18)^27)) | AP2: =IF(A2="","",IF((A2+28)>Model!$B$4,0,MAX(0,Model!$B$6-IF((A2+28)>=Model!$B$11,Model!$B$20,0)-IF(28<Model!$B$15,Model!$B$22,0))/(1-Model!$B$9)/(1+Model!$B$18)^28)) | AQ2: =IF(A2="","",IF((A2+29)>Model!$B$4,0,MAX(0,Model!$B$6-IF((A2+29)>=Model!$B$11,Model!$B$20,0)-IF(29<Model!$B$15,Model!$B$22,0))/(1-Model!$B$9)/(1+Model!$B$18)^29)) | AR2: =IF(A2="","",IF((A2+30)>Model!$B$4,0,MAX(0,Model!$B$6-IF((A2+30)>=Model!$B$11,Model!$B$20,0)-IF(30<Model!$B$15,Model!$B$22,0))/(1-Model!$B$9)/(1+Model!$B$18)^30)) | AS2: =IF(A2="","",IF((A2+31)>Model!$B$4,0,MAX(0,Model!$B$6-IF((A2+31)>=Model!$B$11,Model!$B$20,0)-IF(31<Model!$B$15,Model!$B$22,0))/(1-Model!$B$9)/(1+Model!$B$18)^31)) | AT2: =IF(A2="","",IF((A2+32)>Model!$B$4,0,MAX(0,Model!$B$6-IF((A2+32)>=Model!$B$11,Model!$B$20,0)-IF(32<Model!$B$15,Model!$B$22,0))/(1-Model!$B$9)/(1+Model!$B$18)^32)) | AU2: =IF(A2="","",IF((A2+33)>Model!$B$4,0,MAX(0,Model!$B$6-IF((A2+33)>=Model!$B$11,Model!$B$20,0)-IF(33<Model!$B$15,Model!$B$22,0))/(1-Model!$B$9)/(1+Model!$B$18)^33)) | AV2: =IF(A2="","",IF((A2+34)>Model!$B$4,0,MAX(0,Model!$B$6-IF((A2+34)>=Model!$B$11,Model!$B$20,0)-IF(34<Model!$B$15,Model!$B$22,0))/(1-Model!$B$9)/(1+Model!$B$18)^34)) | AW2: =IF(A2="","",IF((A2+35)>Model!$B$4,0,MAX(0,Model!$B$6-IF((A2+35)>=Model!$B$11,Model!$B$20,0)-IF(35<Model!$B$15,Model!$B$22,0))/(1-Model!$B$9)/(1+Model!$B$18)^35)) | AX2: =IF(A2="","",IF((A2+36)>Model!$B$4,0,MAX(0,Model!$B$6-IF((A2+36)>=Model!$B$11,Model!$B$20,0)-IF(36<Model!$B$15,Model!$B$22,0))/(1-Model!$B$9)/(1+Model!$B$18)^36)) | AY2: =IF(A2="","",IF((A2+37)>Model!$B$4,0,MAX(0,Model!$B$6-IF((A2+37)>=Model!$B$11,Model!$B$20,0)-IF(37<Model!$B$15,Model!$B$22,0))/(1-Model!$B$9)/(1+Model!$B$18)^37)) | AZ2: =IF(A2="","",IF((A2+38)>Model!$B$4,0,MAX(0,Model!$B$6-IF((A2+38)>=Model!$B$11,Model!$B$20,0)-IF(38<Model!$B$15,Model!$B$22,0))/(1-Model!$B$9)/(1+Model!$B$18)^38)) | BA2: =IF(A2="","",IF((A2+39)>Model!$B$4,0,MAX(0,Model!$B$6-IF((A2+39)>=Model!$B$11,Model!$B$20,0)-IF(39<Model!$B$15,Model!$B$22,0))/(1-Model!$B$9)/(1+Model!$B$18)^39)) | BB2: =IF(A2="","",IF((A2+40)>Model!$B$4,0,MAX(0,Model!$B$6-IF((A2+40)>=Model!$B$11,Model!$B$20,0)-IF(40<Model!$B$15,Model!$B$22,0))/(1-Model!$B$9)/(1+Model!$B$18)^40)) | BC2: =IF(A2="","",IF((A2+41)>Model!$B$4,0,MAX(0,Model!$B$6-IF((A2+41)>=Model!$B$11,Model!$B$20,0)-IF(41<Model!$B$15,Model!$B$22,0))/(1-Model!$B$9)/(1+Model!$B$18)^41)) | BD2: =IF(A2="","",IF((A2+42)>Model!$B$4,0,MAX(0,Model!$B$6-IF((A2+42)>=Model!$B$11,Model!$B$20,0)-IF(42<Model!$B$15,Model!$B$22,0))/(1-Model!$B$9)/(1+Model!$B$18)^42)) | BE2: =IF(A2="","",IF((A2+43)>Model!$B$4,0,MAX(0,Model!$B$6-IF((A2+43)>=Model!$B$11,Model!$B$20,0)-IF(43<Model!$B$15,Model!$B$22,0))/(1-Model!$B$9)/(1+Model!$B$18)^43)) | BF2: =IF(A2="","",IF((A2+44)>Model!$B$4,0,MAX(0,Model!$B$6-IF((A2+44)>=Model!$B$11,Model!$B$20,0)-IF(44<Model!$B$15,Model!$B$22,0))/(1-Model!$B$9)/(1+Model!$B$18)^44)) | BG2: =IF(A2="","",IF((A2+45)>Model!$B$4,0,MAX(0,Model!$B$6-IF((A2+45)>=Model!$B$11,Model!$B$20,0)-IF(45<Model!$B$15,Model!$B$22,0))/(1-Model!$B$9)/(1+Model!$B$18)^45)) | BH2: =IF(A2="","",IF((A2+46)>Model!$B$4,0,MAX(0,Model!$B$6-IF((A2+46)>=Model!$B$11,Model!$B$20,0)-IF(46<Model!$B$15,Model!$B$22,0))/(1-Model!$B$9)/(1+Model!$B$18)^46)) | BI2: =IF(A2="","",IF((A2+47)>Model!$B$4,0,MAX(0,Model!$B$6-IF((A2+47)>=Model!$B$11,Model!$B$20,0)-IF(47<Model!$B$15,Model!$B$22,0))/(1-Model!$B$9)/(1+Model!$B$18)^47)) | BJ2: =IF(A2="","",IF((A2+48)>Model!$B$4,0,MAX(0,Model!$B$6-IF((A2+48)>=Model!$B$11,Model!$B$20,0)-IF(48<Model!$B$15,Model!$B$22,0))/(1-Model!$B$9)/(1+Model!$B$18)^48)) | BK2: =IF(A2="","",IF((A2+49)>Model!$B$4,0,MAX(0,Model!$B$6-IF((A2+49)>=Model!$B$11,Model!$B$20,0)-IF(49<Model!$B$15,Model!$B$22,0))/(1-Model!$B$9)/(1+Model!$B$18)^49)) | BL2: =IF(A2="","",IF((A2+50)>Model!$B$4,0,MAX(0,Model!$B$6-IF((A2+50)>=Model!$B$11,Model!$B$20,0)-IF(50<Model!$B$15,Model!$B$22,0))/(1-Model!$B$9)/(1+Model!$B$18)^50)) | BM2: =IF(A2="","",IF((A2+51)>Model!$B$4,0,MAX(0,Model!$B$6-IF((A2+51)>=Model!$B$11,Model!$B$20,0)-IF(51<Model!$B$15,Model!$B$22,0))/(1-Model!$B$9)/(1+Model!$B$18)^51)) | BN2: =IF(A2="","",IF((A2+52)>Model!$B$4,0,MAX(0,Model!$B$6-IF((A2+52)>=Model!$B$11,Model!$B$20,0)-IF(52<Model!$B$15,Model!$B$22,0))/(1-Model!$B$9)/(1+Model!$B$18)^52)) | BO2: =IF(A2="","",IF((A2+53)>Model!$B$4,0,MAX(0,Model!$B$6-IF((A2+53)>=Model!$B$11,Model!$B$20,0)-IF(53<Model!$B$15,Model!$B$22,0))/(1-Model!$B$9)/(1+Model!$B$18)^53)) | BP2: =IF(A2="","",IF((A2+54)>Model!$B$4,0,MAX(0,Model!$B$6-IF((A2+54)>=Model!$B$11,Model!$B$20,0)-IF(54<Model!$B$15,Model!$B$22,0))/(1-Model!$B$9)/(1+Model!$B$18)^54)) | BQ2: =IF(A2="","",IF((A2+55)>Model!$B$4,0,MAX(0,Model!$B$6-IF((A2+55)>=Model!$B$11,Model!$B$20,0)-IF(55<Model!$B$15,Model!$B$22,0))/(1-Model!$B$9)/(1+Model!$B$18)^55)) | BR2: =IF(A2="","",IF((A2+56)>Model!$B$4,0,MAX(0,Model!$B$6-IF((A2+56)>=Model!$B$11,Model!$B$20,0)-IF(56<Model!$B$15,Model!$B$22,0))/(1-Model!$B$9)/(1+Model!$B$18)^56)) | BS2: =IF(A2="","",IF((A2+57)>Model!$B$4,0,MAX(0,Model!$B$6-IF((A2+57)>=Model!$B$11,Model!$B$20,0)-IF(57<Model!$B$15,Model!$B$22,0))/(1-Model!$B$9)/(1+Model!$B$18)^57)) | BT2: =IF(A2="","",IF((A2+58)>Model!$B$4,0,MAX(0,Model!$B$6-IF((A2+58)>=Model!$B$11,Model!$B$20,0)-IF(58<Model!$B$15,Model!$B$22,0))/(1-Model!$B$9)/(1+Model!$B$18)^58)) | BU2: =IF(A2="","",IF((A2+59)>Model!$B$4,0,MAX(0,Model!$B$6-IF((A2+59)>=Model!$B$11,Model!$B$20,0)-IF(59<Model!$B$15,Model!$B$22,0))/(1-Model!$B$9)/(1+Model!$B$18)^59)) | BV2: =IF(A2="","",IF((A2+60)>Model!$B$4,0,MAX(0,Model!$B$6-IF((A2+60)>=Model!$B$11,Model!$B$20,0)-IF(60<Model!$B$15,Model!$B$22,0))/(1-Model!$B$9)/(1+Model!$B$18)^60)) | BW2: =IF(A2="","",IF((A2+61)>Model!$B$4,0,MAX(0,Model!$B$6-IF((A2+61)>=Model!$B$11,Model!$B$20,0)-IF(61<Model!$B$15,Model!$B$22,0))/(1-Model!$B$9)/(1+Model!$B$18)^61)) | BX2: =IF(A2="","",IF((A2+62)>Model!$B$4,0,MAX(0,Model!$B$6-IF((A2+62)>=Model!$B$11,Model!$B$20,0)-IF(62<Model!$B$15,Model!$B$22,0))/(1-Model!$B$9)/(1+Model!$B$18)^62)) | BY2: =IF(A2="","",IF((A2+63)>Model!$B$4,0,MAX(0,Model!$B$6-IF((A2+63)>=Model!$B$11,Model!$B$20,0)-IF(63<Model!$B$15,Model!$B$22,0))/(1-Model!$B$9)/(1+Model!$B$18)^63)) | BZ2: =IF(A2="","",IF((A2+64)>Model!$B$4,0,MAX(0,Model!$B$6-IF((A2+64)>=Model!$B$11,Model!$B$20,0)-IF(64<Model!$B$15,Model!$B$22,0))/(1-Model!$B$9)/(1+Model!$B$18)^64)) | CA2: =IF(A2="","",IF((A2+65)>Model!$B$4,0,MAX(0,Model!$B$6-IF((A2+65)>=Model!$B$11,Model!$B$20,0)-IF(65<Model!$B$15,Model!$B$22,0))/(1-Model!$B$9)/(1+Model!$B$18)^65)) | CB2: =IF(A2="","",IF((A2+66)>Model!$B$4,0,MAX(0,Model!$B$6-IF((A2+66)>=Model!$B$11,Model!$B$20,0)-IF(66<Model!$B$15,Model!$B$22,0))/(1-Model!$B$9)/(1+Model!$B$18)^66)) | CC2: =IF(A2="","",IF((A2+67)>Model!$B$4,0,MAX(0,Model!$B$6-IF((A2+67)>=Model!$B$11,Model!$B$20,0)-IF(67<Model!$B$15,Model!$B$22,0))/(1-Model!$B$9)/(1+Model!$B$18)^67)) | CD2: =IF(A2="","",IF((A2+68)>Model!$B$4,0,MAX(0,Model!$B$6-IF((A2+68)>=Model!$B$11,Model!$B$20,0)-IF(68<Model!$B$15,Model!$B$22,0))/(1-Model!$B$9)/(1+Model!$B$18)^68)) | CE2: =IF(A2="","",IF((A2+69)>Model!$B$4,0,MAX(0,Model!$B$6-IF((A2+69)>=Model!$B$11,Model!$B$20,0)-IF(69<Model!$B$15,Model!$B$22,0))/(1-Model!$B$9)/(1+Model!$B$18)^69)) | CF2: =IF(A2="","",IF((A2+70)>Model!$B$4,0,MAX(0,Model!$B$6-IF((A2+70)>=Model!$B$11,Model!$B$20,0)-IF(70<Model!$B$15,Model!$B$22,0))/(1-Model!$B$9)/(1+Model!$B$18)^70)) | CG2: =IF(A2="","",IF((A2+71)>Model!$B$4,0,MAX(0,Model!$B$6-IF((A2+71)>=Model!$B$11,Model!$B$20,0)-IF(71<Model!$B$15,Model!$B$22,0))/(1-Model!$B$9)/(1+Model!$B$18)^71)) | CH2: =IF(A2="","",IF((A2+72)>Model!$B$4,0,MAX(0,Model!$B$6-IF((A2+72)>=Model!$B$11,Model!$B$20,0)-IF(72<Model!$B$15,Model!$B$22,0))/(1-Model!$B$9)/(1+Model!$B$18)^72)) | CI2: =IF(A2="","",IF((A2+73)>Model!$B$4,0,MAX(0,Model!$B$6-IF((A2+73)>=Model!$B$11,Model!$B$20,0)-IF(73<Model!$B$15,Model!$B$22,0))/(1-Model!$B$9)/(1+Model!$B$18)^73)) | CJ2: =IF(A2="","",IF((A2+74)>Model!$B$4,0,MAX(0,Model!$B$6-IF((A2+74)>=Model!$B$11,Model!$B$20,0)-IF(74<Model!$B$15,Model!$B$22,0))/(1-Model!$B$9)/(1+Model!$B$18)^74)) | CK2: =IF(A2="","",IF((A2+75)>Model!$B$4,0,MAX(0,Model!$B$6-IF((A2+75)>=Model!$B$11,Model!$B$20,0)-IF(75<Model!$B$15,Model!$B$22,0))/(1-Model!$B$9)/(1+Model!$B$18)^75)) | CL2: =IF(A2="","",IF((A2+76)>Model!$B$4,0,MAX(0,Model!$B$6-IF((A2+76)>=Model!$B$11,Model!$B$20,0)-IF(76<Model!$B$15,Model!$B$22,0))/(1-Model!$B$9)/(1+Model!$B$18)^76)) | CM2: =IF(A2="","",IF((A2+77)>Model!$B$4,0,MAX(0,Model!$B$6-IF((A2+77)>=Model!$B$11,Model!$B$20,0)-IF(77<Model!$B$15,Model!$B$22,0))/(1-Model!$B$9)/(1+Model!$B$18)^77)) | CN2: =IF(A2="","",IF((A2+78)>Model!$B$4,0,MAX(0,Model!$B$6-IF((A2+78)>=Model!$B$11,Model!$B$20,0)-IF(78<Model!$B$15,Model!$B$22,0))/(1-Model!$B$9)/(1+Model!$B$18)^78)) | CO2: =IF(A2="","",IF((A2+79)>Model!$B$4,0,MAX(0,Model!$B$6-IF((A2+79)>=Model!$B$11,Model!$B$20,0)-IF(79<Model!$B$15,Model!$B$22,0))/(1-Model!$B$9)/(1+Model!$B$18)^79)) | CP2: =IF(A2="","",IF((A2+80)>Model!$B$4,0,MAX(0,Model!$B$6-IF((A2+80)>=Model!$B$11,Model!$B$20,0)-IF(80<Model!$B$15,Model!$B$22,0))/(1-Model!$B$9)/(1+Model!$B$18)^80)) | CQ2: =IF(A2="","",IF((A2+81)>Model!$B$4,0,MAX(0,Model!$B$6-IF((A2+81)>=Model!$B$11,Model!$B$20,0)-IF(81<Model!$B$15,Model!$B$22,0))/(1-Model!$B$9)/(1+Model!$B$18)^81)) | CR2: =IF(A2="","",IF((A2+82)>Model!$B$4,0,MAX(0,Model!$B$6-IF((A2+82)>=Model!$B$11,Model!$B$20,0)-IF(82<Model!$B$15,Model!$B$22,0))/(1-Model!$B$9)/(1+Model!$B$18)^82)) | CS2: =IF(A2="","",IF((A2+83)>Model!$B$4,0,MAX(0,Model!$B$6-IF((A2+83)>=Model!$B$11,Model!$B$20,0)-IF(83<Model!$B$15,Model!$B$22,0))/(1-Model!$B$9)/(1+Model!$B$18)^83)) | CT2: =IF(A2="","",IF((A2+84)>Model!$B$4,0,MAX(0,Model!$B$6-IF((A2+84)>=Model!$B$11,Model!$B$20,0)-IF(84<Model!$B$15,Model!$B$22,0))/(1-Model!$B$9)/(1+Model!$B$18)^84)) | CU2: =IF(A2="","",IF((A2+85)>Model!$B$4,0,MAX(0,Model!$B$6-IF((A2+85)>=Model!$B$11,Model!$B$20,0)-IF(85<Model!$B$15,Model!$B$22,0))/(1-Model!$B$9)/(1+Model!$B$18)^85)) | CV2: =IF(A2="","",IF((A2+86)>Model!$B$4,0,MAX(0,Model!$B$6-IF((A2+86)>=Model!$B$11,Model!$B$20,0)-IF(86<Model!$B$15,Model!$B$22,0))/(1-Model!$B$9)/(1+Model!$B$18)^86)) | CW2: =IF(A2="","",IF((A2+87)>Model!$B$4,0,MAX(0,Model!$B$6-IF((A2+87)>=Model!$B$11,Model!$B$20,0)-IF(87<Model!$B$15,Model!$B$22,0))/(1-Model!$B$9)/(1+Model!$B$18)^87)) | CX2: =IF(A2="","",IF((A2+88)>Model!$B$4,0,MAX(0,Model!$B$6-IF((A2+88)>=Model!$B$11,Model!$B$20,0)-IF(88<Model!$B$15,Model!$B$22,0))/(1-Model!$B$9)/(1+Model!$B$18)^88)) | CY2: =IF(A2="","",IF((A2+89)>Model!$B$4,0,MAX(0,Model!$B$6-IF((A2+89)>=Model!$B$11,Model!$B$20,0)-IF(89<Model!$B$15,Model!$B$22,0))/(1-Model!$B$9)/(1+Model!$B$18)^89)) | CZ2: =IF(A2="","",IF((A2+90)>Model!$B$4,0,MAX(0,Model!$B$6-IF((A2+90)>=Model!$B$11,Model!$B$20,0)-IF(90<Model!$B$15,Model!$B$22,0))/(1-Model!$B$9)/(1+Model!$B$18)^90)) | DA2: =IF(A2="","",IF((A2+91)>Model!$B$4,0,MAX(0,Model!$B$6-IF((A2+91)>=Model!$B$11,Model!$B$20,0)-IF(91<Model!$B$15,Model!$B$22,0))/(1-Model!$B$9)/(1+Model!$B$18)^91)) | DB2: =IF(A2="","",IF((A2+92)>Model!$B$4,0,MAX(0,Model!$B$6-IF((A2+92)>=Model!$B$11,Model!$B$20,0)-IF(92<Model!$B$15,Model!$B$22,0))/(1-Model!$B$9)/(1+Model!$B$18)^92)) | DC2: =IF(A2="","",IF((A2+93)>Model!$B$4,0,MAX(0,Model!$B$6-IF((A2+93)>=Model!$B$11,Model!$B$20,0)-IF(93<Model!$B$15,Model!$B$22,0))/(1-Model!$B$9)/(1+Model!$B$18)^93)) | DD2: =IF(A2="","",IF((A2+94)>Model!$B$4,0,MAX(0,Model!$B$6-IF((A2+94)>=Model!$B$11,Model!$B$20,0)-IF(94<Model!$B$15,Model!$B$22,0))/(1-Model!$B$9)/(1+Model!$B$18)^94)) | DE2: =IF(A2="","",IF((A2+95)>Model!$B$4,0,MAX(0,Model!$B$6-IF((A2+95)>=Model!$B$11,Model!$B$20,0)-IF(95<Model!$B$15,Model!$B$22,0))/(1-Model!$B$9)/(1+Model!$B$18)^95)) | DF2: =IF(A2="","",IF((A2+96)>Model!$B$4,0,MAX(0,Model!$B$6-IF((A2+96)>=Model!$B$11,Model!$B$20,0)-IF(96<Model!$B$15,Model!$B$22,0))/(1-Model!$B$9)/(1+Model!$B$18)^96)) | DG2: =IF(A2="","",IF((A2+97)>Model!$B$4,0,MAX(0,Model!$B$6-IF((A2+97)>=Model!$B$11,Model!$B$20,0)-IF(97<Model!$B$15,Model!$B$22,0))/(1-Model!$B$9)/(1+Model!$B$18)^97)) | DH2: =IF(A2="","",IF((A2+98)>Model!$B$4,0,MAX(0,Model!$B$6-IF((A2+98)>=Model!$B$11,Model!$B$20,0)-IF(98<Model!$B$15,Model!$B$22,0))/(1-Model!$B$9)/(1+Model!$B$18)^98)) | DI2: =IF(A2="","",IF((A2+99)>Model!$B$4,0,MAX(0,Model!$B$6-IF((A2+99)>=Model!$B$11,Model!$B$20,0)-IF(99<Model!$B$15,Model!$B$22,0))/(1-Model!$B$9)/(1+Model!$B$18)^99)) | DJ2: =IF(A2="","",IF((A2+100)>Model!$B$4,0,MAX(0,Model!$B$6-IF((A2+100)>=Model!$B$11,Model!$B$20,0)-IF(100<Model!$B$15,Model!$B$22,0))/(1-Model!$B$9)/(1+Model!$B$18)^100)) | DK2: =IF(A2="","",IF((A2+101)>Model!$B$4,0,MAX(0,Model!$B$6-IF((A2+101)>=Model!$B$11,Model!$B$20,0)-IF(101<Model!$B$15,Model!$B$22,0))/(1-Model!$B$9)/(1+Model!$B$18)^101)) | DL2: =IF(A2="","",IF((A2+102)>Model!$B$4,0,MAX(0,Model!$B$6-IF((A2+102)>=Model!$B$11,Model!$B$20,0)-IF(102<Model!$B$15,Model!$B$22,0))/(1-Model!$B$9)/(1+Model!$B$18)^102)) | DM2: =IF(A2="","",IF((A2+103)>Model!$B$4,0,MAX(0,Model!$B$6-IF((A2+103)>=Model!$B$11,Model!$B$20,0)-IF(103<Model!$B$15,Model!$B$22,0))/(1-Model!$B$9)/(1+Model!$B$18)^103)) | DN2: =IF(A2="","",IF((A2+104)>Model!$B$4,0,MAX(0,Model!$B$6-IF((A2+104)>=Model!$B$11,Model!$B$20,0)-IF(104<Model!$B$15,Model!$B$22,0))/(1-Model!$B$9)/(1+Model!$B$18)^104)) | DO2: =IF(A2="","",IF((A2+105)>Model!$B$4,0,MAX(0,Model!$B$6-IF((A2+105)>=Model!$B$11,Model!$B$20,0)-IF(105<Model!$B$15,Model!$B$22,0))/(1-Model!$B$9)/(1+Model!$B$18)^105)) | DP2: =IF(A2="","",IF((A2+106)>Model!$B$4,0,MAX(0,Model!$B$6-IF((A2+106)>=Model!$B$11,Model!$B$20,0)-IF(106<Model!$B$15,Model!$B$22,0))/(1-Model!$B$9)/(1+Model!$B$18)^106)) | DQ2: =IF(A2="","",IF((A2+107)>Model!$B$4,0,MAX(0,Model!$B$6-IF((A2+107)>=Model!$B$11,Model!$B$20,0)-IF(107<Model!$B$15,Model!$B$22,0))/(1-Model!$B$9)/(1+Model!$B$18)^107)) | DR2: =IF(A2="","",IF((A2+108)>Model!$B$4,0,MAX(0,Model!$B$6-IF((A2+108)>=Model!$B$11,Model!$B$20,0)-IF(108<Model!$B$15,Model!$B$22,0))/(1-Model!$B$9)/(1+Model!$B$18)^108)) | DS2: =IF(A2="","",IF((A2+109)>Model!$B$4,0,MAX(0,Model!$B$6-IF((A2+109)>=Model!$B$11,Model!$B$20,0)-IF(109<Model!$B$15,Model!$B$22,0))/(1-Model!$B$9)/(1+Model!$B$18)^109)) | DT2: =IF(A2="","",IF((A2+110)>Model!$B$4,0,MAX(0,Model!$B$6-IF((A2+110)>=Model!$B$11,Model!$B$20,0)-IF(110<Model!$B$15,Model!$B$22,0))/(1-Model!$B$9)/(1+Model!$B$18)^110)) | DU2: =IF(A2="","",IF((A2+111)>Model!$B$4,0,MAX(0,Model!$B$6-IF((A2+111)>=Model!$B$11,Model!$B$20,0)-IF(111<Model!$B$15,Model!$B$22,0))/(1-Model!$B$9)/(1+Model!$B$18)^111)) | DV2: =IF(A2="","",IF((A2+112)>Model!$B$4,0,MAX(0,Model!$B$6-IF((A2+112)>=Model!$B$11,Model!$B$20,0)-IF(112<Model!$B$15,Model!$B$22,0))/(1-Model!$B$9)/(1+Model!$B$18)^112)) | DW2: =IF(A2="","",IF((A2+113)>Model!$B$4,0,MAX(0,Model!$B$6-IF((A2+113)>=Model!$B$11,Model!$B$20,0)-IF(113<Model!$B$15,Model!$B$22,0))/(1-Model!$B$9)/(1+Model!$B$18)^113)) | DX2: =IF(A2="","",IF((A2+114)>Model!$B$4,0,MAX(0,Model!$B$6-IF((A2+114)>=Model!$B$11,Model!$B$20,0)-IF(114<Model!$B$15,Model!$B$22,0))/(1-Model!$B$9)/(1+Model!$B$18)^114)) | DY2: =IF(A2="","",IF((A2+115)>Model!$B$4,0,MAX(0,Model!$B$6-IF((A2+115)>=Model!$B$11,Model!$B$20,0)-IF(115<Model!$B$15,Model!$B$22,0))/(1-Model!$B$9)/(1+Model!$B$18)^115)) | DZ2: =IF(A2="","",IF((A2+116)>Model!$B$4,0,MAX(0,Model!$B$6-IF((A2+116)>=Model!$B$11,Model!$B$20,0)-IF(116<Model!$B$15,Model!$B$22,0))/(1-Model!$B$9)/(1+Model!$B$18)^116)) | EA2: =IF(A2="","",IF((A2+117)>Model!$B$4,0,MAX(0,Model!$B$6-IF((A2+117)>=Model!$B$11,Model!$B$20,0)-IF(117<Model!$B$15,Model!$B$22,0))/(1-Model!$B$9)/(1+Model!$B$18)^117)) | EB2: =IF(A2="","",IF((A2+118)>Model!$B$4,0,MAX(0,Model!$B$6-IF((A2+118)>=Model!$B$11,Model!$B$20,0)-IF(118<Model!$B$15,Model!$B$22,0))/(1-Model!$B$9)/(1+Model!$B$18)^118)) | EC2: =IF(A2="","",IF((A2+119)>Model!$B$4,0,MAX(0,Model!$B$6-IF((A2+119)>=Model!$B$11,Model!$B$20,0)-IF(119<Model!$B$15,Model!$B$22,0))/(1-Model!$B$9)/(1+Model!$B$18)^119)) | ED2: =IF(A2="","",IF((A2+120)>Model!$B$4,0,MAX(0,Model!$B$6-IF((A2+120)>=Model!$B$11,Model!$B$20,0)-IF(120<Model!$B$15,Model!$B$22,0))/(1-Model!$B$9)/(1+Model!$B$18)^120))
A3: =IF(Model!$B$10+ROW()-2<=Model!$B$4,Model!$B$10+ROW()-2,"") | B3: =IF(A3="","",A3-Model!$B$10) | C3: =IF(A3="","",Model!$B$5*(1+Model!$B$18)^B3) | D3: =IF(A3="","",SUM(N3:ED3)) | E3: =IF(A3="","",IF(A3>=Model!$B$11,Model!$B$20,0)) | F3: =IF(A3="","",IF(Model!$B$15>0,Model!$B$22,0)) | G3: =IF(A3="","",E3+F3) | H3: =IF(A3="","",MAX(0,Model!$B$6-G3)) | I3: =IF(A3="","",H3/(1-Model!$B$9)) | J3: =IF(A3="","",C3-D3) | K3: =IF(A3="","",C3>=D3) | L3: =IF(A3="","",IF(A3>=Model!$B$11,Model!$B$19*(1+Model!$B$13)^B3,0)) | M3: =IF(A3="","",IF(Model!$B$15>0,Model!$B$21*(1+Model!$B$13)^B3,0)) | N3: =IF(A3="","",IF((A3+0)>Model!$B$4,0,MAX(0,Model!$B$6-IF((A3+0)>=Model!$B$11,Model!$B$20,0)-IF(0<Model!$B$15,Model!$B$22,0))/(1-Model!$B$9)/(1+Model!$B$18)^0)) | O3: =IF(A3="","",IF((A3+1)>Model!$B$4,0,MAX(0,Model!$B$6-IF((A3+1)>=Model!$B$11,Model!$B$20,0)-IF(1<Model!$B$15,Model!$B$22,0))/(1-Model!$B$9)/(1+Model!$B$18)^1)) | P3: =IF(A3="","",IF((A3+2)>Model!$B$4,0,MAX(0,Model!$B$6-IF((A3+2)>=Model!$B$11,Model!$B$20,0)-IF(2<Model!$B$15,Model!$B$22,0))/(1-Model!$B$9)/(1+Model!$B$18)^2)) | Q3: =IF(A3="","",IF((A3+3)>Model!$B$4,0,MAX(0,Model!$B$6-IF((A3+3)>=Model!$B$11,Model!$B$20,0)-IF(3<Model!$B$15,Model!$B$22,0))/(1-Model!$B$9)/(1+Model!$B$18)^3)) | R3: =IF(A3="","",IF((A3+4)>Model!$B$4,0,MAX(0,Model!$B$6-IF((A3+4)>=Model!$B$11,Model!$B$20,0)-IF(4<Model!$B$15,Model!$B$22,0))/(1-Model!$B$9)/(1+Model!$B$18)^4)) | S3: =IF(A3="","",IF((A3+5)>Model!$B$4,0,MAX(0,Model!$B$6-IF((A3+5)>=Model!$B$11,Model!$B$20,0)-IF(5<Model!$B$15,Model!$B$22,0))/(1-Model!$B$9)/(1+Model!$B$18)^5)) | T3: =IF(A3="","",IF((A3+6)>Model!$B$4,0,MAX(0,Model!$B$6-IF((A3+6)>=Model!$B$11,Model!$B$20,0)-IF(6<Model!$B$15,Model!$B$22,0))/(1-Model!$B$9)/(1+Model!$B$18)^6)) | U3: =IF(A3="","",IF((A3+7)>Model!$B$4,0,MAX(0,Model!$B$6-IF((A3+7)>=Model!$B$11,Model!$B$20,0)-IF(7<Model!$B$15,Model!$B$22,0))/(1-Model!$B$9)/(1+Model!$B$18)^7)) | V3: =IF(A3="","",IF((A3+8)>Model!$B$4,0,MAX(0,Model!$B$6-IF((A3+8)>=Model!$B$11,Model!$B$20,0)-IF(8<Model!$B$15,Model!$B$22,0))/(1-Model!$B$9)/(1+Model!$B$18)^8)) | W3: =IF(A3="","",IF((A3+9)>Model!$B$4,0,MAX(0,Model!$B$6-IF((A3+9)>=Model!$B$11,Model!$B$20,0)-IF(9<Model!$B$15,Model!$B$22,0))/(1-Model!$B$9)/(1+Model!$B$18)^9)) | X3: =IF(A3="","",IF((A3+10)>Model!$B$4,0,MAX(0,Model!$B$6-IF((A3+10)>=Model!$B$11,Model!$B$20,0)-IF(10<Model!$B$15,Model!$B$22,0))/(1-Model!$B$9)/(1+Model!$B$18)^10)) | Y3: =IF(A3="","",IF((A3+11)>Model!$B$4,0,MAX(0,Model!$B$6-IF((A3+11)>=Model!$B$11,Model!$B$20,0)-IF(11<Model!$B$15,Model!$B$22,0))/(1-Model!$B$9)/(1+Model!$B$18)^11)) | Z3: =IF(A3="","",IF((A3+12)>Model!$B$4,0,MAX(0,Model!$B$6-IF((A3+12)>=Model!$B$11,Model!$B$20,0)-IF(12<Model!$B$15,Model!$B$22,0))/(1-Model!$B$9)/(1+Model!$B$18)^12)) | AA3: =IF(A3="","",IF((A3+13)>Model!$B$4,0,MAX(0,Model!$B$6-IF((A3+13)>=Model!$B$11,Model!$B$20,0)-IF(13<Model!$B$15,Model!$B$22,0))/(1-Model!$B$9)/(1+Model!$B$18)^13)) | AB3: =IF(A3="","",IF((A3+14)>Model!$B$4,0,MAX(0,Model!$B$6-IF((A3+14)>=Model!$B$11,Model!$B$20,0)-IF(14<Model!$B$15,Model!$B$22,0))/(1-Model!$B$9)/(1+Model!$B$18)^14)) | AC3: =IF(A3="","",IF((A3+15)>Model!$B$4,0,MAX(0,Model!$B$6-IF((A3+15)>=Model!$B$11,Model!$B$20,0)-IF(15<Model!$B$15,Model!$B$22,0))/(1-Model!$B$9)/(1+Model!$B$18)^15)) | AD3: =IF(A3="","",IF((A3+16)>Model!$B$4,0,MAX(0,Model!$B$6-IF((A3+16)>=Model!$B$11,Model!$B$20,0)-IF(16<Model!$B$15,Model!$B$22,0))/(1-Model!$B$9)/(1+Model!$B$18)^16)) | AE3: =IF(A3="","",IF((A3+17)>Model!$B$4,0,MAX(0,Model!$B$6-IF((A3+17)>=Model!$B$11,Model!$B$20,0)-IF(17<Model!$B$15,Model!$B$22,0))/(1-Model!$B$9)/(1+Model!$B$18)^17)) | AF3: =IF(A3="","",IF((A3+18)>Model!$B$4,0,MAX(0,Model!$B$6-IF((A3+18)>=Model!$B$11,Model!$B$20,0)-IF(18<Model!$B$15,Model!$B$22,0))/(1-Model!$B$9)/(1+Model!$B$18)^18)) | AG3: =IF(A3="","",IF((A3+19)>Model!$B$4,0,MAX(0,Model!$B$6-IF((A3+19)>=Model!$B$11,Model!$B$20,0)-IF(19<Model!$B$15,Model!$B$22,0))/(1-Model!$B$9)/(1+Model!$B$18)^19)) | AH3: =IF(A3="","",IF((A3+20)>Model!$B$4,0,MAX(0,Model!$B$6-IF((A3+20)>=Model!$B$11,Model!$B$20,0)-IF(20<Model!$B$15,Model!$B$22,0))/(1-Model!$B$9)/(1+Model!$B$18)^20)) | AI3: =IF(A3="","",IF((A3+21)>Model!$B$4,0,MAX(0,Model!$B$6-IF((A3+21)>=Model!$B$11,Model!$B$20,0)-IF(21<Model!$B$15,Model!$B$22,0))/(1-Model!$B$9)/(1+Model!$B$18)^21)) | AJ3: =IF(A3="","",IF((A3+22)>Model!$B$4,0,MAX(0,Model!$B$6-IF((A3+22)>=Model!$B$11,Model!$B$20,0)-IF(22<Model!$B$15,Model!$B$22,0))/(1-Model!$B$9)/(1+Model!$B$18)^22)) | AK3: =IF(A3="","",IF((A3+23)>Model!$B$4,0,MAX(0,Model!$B$6-IF((A3+23)>=Model!$B$11,Model!$B$20,0)-IF(23<Model!$B$15,Model!$B$22,0))/(1-Model!$B$9)/(1+Model!$B$18)^23)) | AL3: =IF(A3="","",IF((A3+24)>Model!$B$4,0,MAX(0,Model!$B$6-IF((A3+24)>=Model!$B$11,Model!$B$20,0)-IF(24<Model!$B$15,Model!$B$22,0))/(1-Model!$B$9)/(1+Model!$B$18)^24)) | AM3: =IF(A3="","",IF((A3+25)>Model!$B$4,0,MAX(0,Model!$B$6-IF((A3+25)>=Model!$B$11,Model!$B$20,0)-IF(25<Model!$B$15,Model!$B$22,0))/(1-Model!$B$9)/(1+Model!$B$18)^25)) | AN3: =IF(A3="","",IF((A3+26)>Model!$B$4,0,MAX(0,Model!$B$6-IF((A3+26)>=Model!$B$11,Model!$B$20,0)-IF(26<Model!$B$15,Model!$B$22,0))/(1-Model!$B$9)/(1+Model!$B$18)^26)) | AO3: =IF(A3="","",IF((A3+27)>Model!$B$4,0,MAX(0,Model!$B$6-IF((A3+27)>=Model!$B$11,Model!$B$20,0)-IF(27<Model!$B$15,Model!$B$22,0))/(1-Model!$B$9)/(1+Model!$B$18)^27)) | AP3: =IF(A3="","",IF((A3+28)>Model!$B$4,0,MAX(0,Model!$B$6-IF((A3+28)>=Model!$B$11,Model!$B$20,0)-IF(28<Model!$B$15,Model!$B$22,0))/(1-Model!$B$9)/(1+Model!$B$18)^28)) | AQ3: =IF(A3="","",IF((A3+29)>Model!$B$4,0,MAX(0,Model!$B$6-IF((A3+29)>=Model!$B$11,Model!$B$20,0)-IF(29<Model!$B$15,Model!$B$22,0))/(1-Model!$B$9)/(1+Model!$B$18)^29)) | AR3: =IF(A3="","",IF((A3+30)>Model!$B$4,0,MAX(0,Model!$B$6-IF((A3+30)>=Model!$B$11,Model!$B$20,0)-IF(30<Model!$B$15,Model!$B$22,0))/(1-Model!$B$9)/(1+Model!$B$18)^30)) | AS3: =IF(A3="","",IF((A3+31)>Model!$B$4,0,MAX(0,Model!$B$6-IF((A3+31)>=Model!$B$11,Model!$B$20,0)-IF(31<Model!$B$15,Model!$B$22,0))/(1-Model!$B$9)/(1+Model!$B$18)^31)) | AT3: =IF(A3="","",IF((A3+32)>Model!$B$4,0,MAX(0,Model!$B$6-IF((A3+32)>=Model!$B$11,Model!$B$20,0)-IF(32<Model!$B$15,Model!$B$22,0))/(1-Model!$B$9)/(1+Model!$B$18)^32)) | AU3: =IF(A3="","",IF((A3+33)>Model!$B$4,0,MAX(0,Model!$B$6-IF((A3+33)>=Model!$B$11,Model!$B$20,0)-IF(33<Model!$B$15,Model!$B$22,0))/(1-Model!$B$9)/(1+Model!$B$18)^33)) | AV3: =IF(A3="","",IF((A3+34)>Model!$B$4,0,MAX(0,Model!$B$6-IF((A3+34)>=Model!$B$11,Model!$B$20,0)-IF(34<Model!$B$15,Model!$B$22,0))/(1-Model!$B$9)/(1+Model!$B$18)^34)) | AW3: =IF(A3="","",IF((A3+35)>Model!$B$4,0,MAX(0,Model!$B$6-IF((A3+35)>=Model!$B$11,Model!$B$20,0)-IF(35<Model!$B$15,Model!$B$22,0))/(1-Model!$B$9)/(1+Model!$B$18)^35)) | AX3: =IF(A3="","",IF((A3+36)>Model!$B$4,0,MAX(0,Model!$B$6-IF((A3+36)>=Model!$B$11,Model!$B$20,0)-IF(36<Model!$B$15,Model!$B$22,0))/(1-Model!$B$9)/(1+Model!$B$18)^36)) | AY3: =IF(A3="","",IF((A3+37)>Model!$B$4,0,MAX(0,Model!$B$6-IF((A3+37)>=Model!$B$11,Model!$B$20,0)-IF(37<Model!$B$15,Model!$B$22,0))/(1-Model!$B$9)/(1+Model!$B$18)^37)) | AZ3: =IF(A3="","",IF((A3+38)>Model!$B$4,0,MAX(0,Model!$B$6-IF((A3+38)>=Model!$B$11,Model!$B$20,0)-IF(38<Model!$B$15,Model!$B$22,0))/(1-Model!$B$9)/(1+Model!$B$18)^38)) | BA3: =IF(A3="","",IF((A3+39)>Model!$B$4,0,MAX(0,Model!$B$6-IF((A3+39)>=Model!$B$11,Model!$B$20,0)-IF(39<Model!$B$15,Model!$B$22,0))/(1-Model!$B$9)/(1+Model!$B$18)^39)) | BB3: =IF(A3="","",IF((A3+40)>Model!$B$4,0,MAX(0,Model!$B$6-IF((A3+40)>=Model!$B$11,Model!$B$20,0)-IF(40<Model!$B$15,Model!$B$22,0))/(1-Model!$B$9)/(1+Model!$B$18)^40)) | BC3: =IF(A3="","",IF((A3+41)>Model!$B$4,0,MAX(0,Model!$B$6-IF((A3+41)>=Model!$B$11,Model!$B$20,0)-IF(41<Model!$B$15,Model!$B$22,0))/(1-Model!$B$9)/(1+Model!$B$18)^41)) | BD3: =IF(A3="","",IF((A3+42)>Model!$B$4,0,MAX(0,Model!$B$6-IF((A3+42)>=Model!$B$11,Model!$B$20,0)-IF(42<Model!$B$15,Model!$B$22,0))/(1-Model!$B$9)/(1+Model!$B$18)^42)) | BE3: =IF(A3="","",IF((A3+43)>Model!$B$4,0,MAX(0,Model!$B$6-IF((A3+43)>=Model!$B$11,Model!$B$20,0)-IF(43<Model!$B$15,Model!$B$22,0))/(1-Model!$B$9)/(1+Model!$B$18)^43)) | BF3: =IF(A3="","",IF((A3+44)>Model!$B$4,0,MAX(0,Model!$B$6-IF((A3+44)>=Model!$B$11,Model!$B$20,0)-IF(44<Model!$B$15,Model!$B$22,0))/(1-Model!$B$9)/(1+Model!$B$18)^44)) | BG3: =IF(A3="","",IF((A3+45)>Model!$B$4,0,MAX(0,Model!$B$6-IF((A3+45)>=Model!$B$11,Model!$B$20,0)-IF(45<Model!$B$15,Model!$B$22,0))/(1-Model!$B$9)/(1+Model!$B$18)^45)) | BH3: =IF(A3="","",IF((A3+46)>Model!$B$4,0,MAX(0,Model!$B$6-IF((A3+46)>=Model!$B$11,Model!$B$20,0)-IF(46<Model!$B$15,Model!$B$22,0))/(1-Model!$B$9)/(1+Model!$B$18)^46)) | BI3: =IF(A3="","",IF((A3+47)>Model!$B$4,0,MAX(0,Model!$B$6-IF((A3+47)>=Model!$B$11,Model!$B$20,0)-IF(47<Model!$B$15,Model!$B$22,0))/(1-Model!$B$9)/(1+Model!$B$18)^47)) | BJ3: =IF(A3="","",IF((A3+48)>Model!$B$4,0,MAX(0,Model!$B$6-IF((A3+48)>=Model!$B$11,Model!$B$20,0)-IF(48<Model!$B$15,Model!$B$22,0))/(1-Model!$B$9)/(1+Model!$B$18)^48)) | BK3: =IF(A3="","",IF((A3+49)>Model!$B$4,0,MAX(0,Model!$B$6-IF((A3+49)>=Model!$B$11,Model!$B$20,0)-IF(49<Model!$B$15,Model!$B$22,0))/(1-Model!$B$9)/(1+Model!$B$18)^49)) | BL3: =IF(A3="","",IF((A3+50)>Model!$B$4,0,MAX(0,Model!$B$6-IF((A3+50)>=Model!$B$11,Model!$B$20,0)-IF(50<Model!$B$15,Model!$B$22,0))/(1-Model!$B$9)/(1+Model!$B$18)^50)) | BM3: =IF(A3="","",IF((A3+51)>Model!$B$4,0,MAX(0,Model!$B$6-IF((A3+51)>=Model!$B$11,Model!$B$20,0)-IF(51<Model!$B$15,Model!$B$22,0))/(1-Model!$B$9)/(1+Model!$B$18)^51)) | BN3: =IF(A3="","",IF((A3+52)>Model!$B$4,0,MAX(0,Model!$B$6-IF((A3+52)>=Model!$B$11,Model!$B$20,0)-IF(52<Model!$B$15,Model!$B$22,0))/(1-Model!$B$9)/(1+Model!$B$18)^52)) | BO3: =IF(A3="","",IF((A3+53)>Model!$B$4,0,MAX(0,Model!$B$6-IF((A3+53)>=Model!$B$11,Model!$B$20,0)-IF(53<Model!$B$15,Model!$B$22,0))/(1-Model!$B$9)/(1+Model!$B$18)^53)) | BP3: =IF(A3="","",IF((A3+54)>Model!$B$4,0,MAX(0,Model!$B$6-IF((A3+54)>=Model!$B$11,Model!$B$20,0)-IF(54<Model!$B$15,Model!$B$22,0))/(1-Model!$B$9)/(1+Model!$B$18)^54)) | BQ3: =IF(A3="","",IF((A3+55)>Model!$B$4,0,MAX(0,Model!$B$6-IF((A3+55)>=Model!$B$11,Model!$B$20,0)-IF(55<Model!$B$15,Model!$B$22,0))/(1-Model!$B$9)/(1+Model!$B$18)^55)) | BR3: =IF(A3="","",IF((A3+56)>Model!$B$4,0,MAX(0,Model!$B$6-IF((A3+56)>=Model!$B$11,Model!$B$20,0)-IF(56<Model!$B$15,Model!$B$22,0))/(1-Model!$B$9)/(1+Model!$B$18)^56)) | BS3: =IF(A3="","",IF((A3+57)>Model!$B$4,0,MAX(0,Model!$B$6-IF((A3+57)>=Model!$B$11,Model!$B$20,0)-IF(57<Model!$B$15,Model!$B$22,0))/(1-Model!$B$9)/(1+Model!$B$18)^57)) | BT3: =IF(A3="","",IF((A3+58)>Model!$B$4,0,MAX(0,Model!$B$6-IF((A3+58)>=Model!$B$11,Model!$B$20,0)-IF(58<Model!$B$15,Model!$B$22,0))/(1-Model!$B$9)/(1+Model!$B$18)^58)) | BU3: =IF(A3="","",IF((A3+59)>Model!$B$4,0,MAX(0,Model!$B$6-IF((A3+59)>=Model!$B$11,Model!$B$20,0)-IF(59<Model!$B$15,Model!$B$22,0))/(1-Model!$B$9)/(1+Model!$B$18)^59)) | BV3: =IF(A3="","",IF((A3+60)>Model!$B$4,0,MAX(0,Model!$B$6-IF((A3+60)>=Model!$B$11,Model!$B$20,0)-IF(60<Model!$B$15,Model!$B$22,0))/(1-Model!$B$9)/(1+Model!$B$18)^60)) | BW3: =IF(A3="","",IF((A3+61)>Model!$B$4,0,MAX(0,Model!$B$6-IF((A3+61)>=Model!$B$11,Model!$B$20,0)-IF(61<Model!$B$15,Model!$B$22,0))/(1-Model!$B$9)/(1+Model!$B$18)^61)) | BX3: =IF(A3="","",IF((A3+62)>Model!$B$4,0,MAX(0,Model!$B$6-IF((A3+62)>=Model!$B$11,Model!$B$20,0)-IF(62<Model!$B$15,Model!$B$22,0))/(1-Model!$B$9)/(1+Model!$B$18)^62)) | BY3: =IF(A3="","",IF((A3+63)>Model!$B$4,0,MAX(0,Model!$B$6-IF((A3+63)>=Model!$B$11,Model!$B$20,0)-IF(63<Model!$B$15,Model!$B$22,0))/(1-Model!$B$9)/(1+Model!$B$18)^63)) | BZ3: =IF(A3="","",IF((A3+64)>Model!$B$4,0,MAX(0,Model!$B$6-IF((A3+64)>=Model!$B$11,Model!$B$20,0)-IF(64<Model!$B$15,Model!$B$22,0))/(1-Model!$B$9)/(1+Model!$B$18)^64)) | CA3: =IF(A3="","",IF((A3+65)>Model!$B$4,0,MAX(0,Model!$B$6-IF((A3+65)>=Model!$B$11,Model!$B$20,0)-IF(65<Model!$B$15,Model!$B$22,0))/(1-Model!$B$9)/(1+Model!$B$18)^65)) | CB3: =IF(A3="","",IF((A3+66)>Model!$B$4,0,MAX(0,Model!$B$6-IF((A3+66)>=Model!$B$11,Model!$B$20,0)-IF(66<Model!$B$15,Model!$B$22,0))/(1-Model!$B$9)/(1+Model!$B$18)^66)) | CC3: =IF(A3="","",IF((A3+67)>Model!$B$4,0,MAX(0,Model!$B$6-IF((A3+67)>=Model!$B$11,Model!$B$20,0)-IF(67<Model!$B$15,Model!$B$22,0))/(1-Model!$B$9)/(1+Model!$B$18)^67)) | CD3: =IF(A3="","",IF((A3+68)>Model!$B$4,0,MAX(0,Model!$B$6-IF((A3+68)>=Model!$B$11,Model!$B$20,0)-IF(68<Model!$B$15,Model!$B$22,0))/(1-Model!$B$9)/(1+Model!$B$18)^68)) | CE3: =IF(A3="","",IF((A3+69)>Model!$B$4,0,MAX(0,Model!$B$6-IF((A3+69)>=Model!$B$11,Model!$B$20,0)-IF(69<Model!$B$15,Model!$B$22,0))/(1-Model!$B$9)/(1+Model!$B$18)^69)) | CF3: =IF(A3="","",IF((A3+70)>Model!$B$4,0,MAX(0,Model!$B$6-IF((A3+70)>=Model!$B$11,Model!$B$20,0)-IF(70<Model!$B$15,Model!$B$22,0))/(1-Model!$B$9)/(1+Model!$B$18)^70)) | CG3: =IF(A3="","",IF((A3+71)>Model!$B$4,0,MAX(0,Model!$B$6-IF((A3+71)>=Model!$B$11,Model!$B$20,0)-IF(71<Model!$B$15,Model!$B$22,0))/(1-Model!$B$9)/(1+Model!$B$18)^71)) | CH3: =IF(A3="","",IF((A3+72)>Model!$B$4,0,MAX(0,Model!$B$6-IF((A3+72)>=Model!$B$11,Model!$B$20,0)-IF(72<Model!$B$15,Model!$B$22,0))/(1-Model!$B$9)/(1+Model!$B$18)^72)) | CI3: =IF(A3="","",IF((A3+73)>Model!$B$4,0,MAX(0,Model!$B$6-IF((A3+73)>=Model!$B$11,Model!$B$20,0)-IF(73<Model!$B$15,Model!$B$22,0))/(1-Model!$B$9)/(1+Model!$B$18)^73)) | CJ3: =IF(A3="","",IF((A3+74)>Model!$B$4,0,MAX(0,Model!$B$6-IF((A3+74)>=Model!$B$11,Model!$B$20,0)-IF(74<Model!$B$15,Model!$B$22,0))/(1-Model!$B$9)/(1+Model!$B$18)^74)) | CK3: =IF(A3="","",IF((A3+75)>Model!$B$4,0,MAX(0,Model!$B$6-IF((A3+75)>=Model!$B$11,Model!$B$20,0)-IF(75<Model!$B$15,Model!$B$22,0))/(1-Model!$B$9)/(1+Model!$B$18)^75)) | CL3: =IF(A3="","",IF((A3+76)>Model!$B$4,0,MAX(0,Model!$B$6-IF((A3+76)>=Model!$B$11,Model!$B$20,0)-IF(76<Model!$B$15,Model!$B$22,0))/(1-Model!$B$9)/(1+Model!$B$18)^76)) | CM3: =IF(A3="","",IF((A3+77)>Model!$B$4,0,MAX(0,Model!$B$6-IF((A3+77)>=Model!$B$11,Model!$B$20,0)-IF(77<Model!$B$15,Model!$B$22,0))/(1-Model!$B$9)/(1+Model!$B$18)^77)) | CN3: =IF(A3="","",IF((A3+78)>Model!$B$4,0,MAX(0,Model!$B$6-IF((A3+78)>=Model!$B$11,Model!$B$20,0)-IF(78<Model!$B$15,Model!$B$22,0))/(1-Model!$B$9)/(1+Model!$B$18)^78)) | CO3: =IF(A3="","",IF((A3+79)>Model!$B$4,0,MAX(0,Model!$B$6-IF((A3+79)>=Model!$B$11,Model!$B$20,0)-IF(79<Model!$B$15,Model!$B$22,0))/(1-Model!$B$9)/(1+Model!$B$18)^79)) | CP3: =IF(A3="","",IF((A3+80)>Model!$B$4,0,MAX(0,Model!$B$6-IF((A3+80)>=Model!$B$11,Model!$B$20,0)-IF(80<Model!$B$15,Model!$B$22,0))/(1-Model!$B$9)/(1+Model!$B$18)^80)) | CQ3: =IF(A3="","",IF((A3+81)>Model!$B$4,0,MAX(0,Model!$B$6-IF((A3+81)>=Model!$B$11,Model!$B$20,0)-IF(81<Model!$B$15,Model!$B$22,0))/(1-Model!$B$9)/(1+Model!$B$18)^81)) | CR3: =IF(A3="","",IF((A3+82)>Model!$B$4,0,MAX(0,Model!$B$6-IF((A3+82)>=Model!$B$11,Model!$B$20,0)-IF(82<Model!$B$15,Model!$B$22,0))/(1-Model!$B$9)/(1+Model!$B$18)^82)) | CS3: =IF(A3="","",IF((A3+83)>Model!$B$4,0,MAX(0,Model!$B$6-IF((A3+83)>=Model!$B$11,Model!$B$20,0)-IF(83<Model!$B$15,Model!$B$22,0))/(1-Model!$B$9)/(1+Model!$B$18)^83)) | CT3: =IF(A3="","",IF((A3+84)>Model!$B$4,0,MAX(0,Model!$B$6-IF((A3+84)>=Model!$B$11,Model!$B$20,0)-IF(84<Model!$B$15,Model!$B$22,0))/(1-Model!$B$9)/(1+Model!$B$18)^84)) | CU3: =IF(A3="","",IF((A3+85)>Model!$B$4,0,MAX(0,Model!$B$6-IF((A3+85)>=Model!$B$11,Model!$B$20,0)-IF(85<Model!$B$15,Model!$B$22,0))/(1-Model!$B$9)/(1+Model!$B$18)^85)) | CV3: =IF(A3="","",IF((A3+86)>Model!$B$4,0,MAX(0,Model!$B$6-IF((A3+86)>=Model!$B$11,Model!$B$20,0)-IF(86<Model!$B$15,Model!$B$22,0))/(1-Model!$B$9)/(1+Model!$B$18)^86)) | CW3: =IF(A3="","",IF((A3+87)>Model!$B$4,0,MAX(0,Model!$B$6-IF((A3+87)>=Model!$B$11,Model!$B$20,0)-IF(87<Model!$B$15,Model!$B$22,0))/(1-Model!$B$9)/(1+Model!$B$18)^87)) | CX3: =IF(A3="","",IF((A3+88)>Model!$B$4,0,MAX(0,Model!$B$6-IF((A3+88)>=Model!$B$11,Model!$B$20,0)-IF(88<Model!$B$15,Model!$B$22,0))/(1-Model!$B$9)/(1+Model!$B$18)^88)) | CY3: =IF(A3="","",IF((A3+89)>Model!$B$4,0,MAX(0,Model!$B$6-IF((A3+89)>=Model!$B$11,Model!$B$20,0)-IF(89<Model!$B$15,Model!$B$22,0))/(1-Model!$B$9)/(1+Model!$B$18)^89)) | CZ3: =IF(A3="","",IF((A3+90)>Model!$B$4,0,MAX(0,Model!$B$6-IF((A3+90)>=Model!$B$11,Model!$B$20,0)-IF(90<Model!$B$15,Model!$B$22,0))/(1-Model!$B$9)/(1+Model!$B$18)^90)) | DA3: =IF(A3="","",IF((A3+91)>Model!$B$4,0,MAX(0,Model!$B$6-IF((A3+91)>=Model!$B$11,Model!$B$20,0)-IF(91<Model!$B$15,Model!$B$22,0))/(1-Model!$B$9)/(1+Model!$B$18)^91)) | DB3: =IF(A3="","",IF((A3+92)>Model!$B$4,0,MAX(0,Model!$B$6-IF((A3+92)>=Model!$B$11,Model!$B$20,0)-IF(92<Model!$B$15,Model!$B$22,0))/(1-Model!$B$9)/(1+Model!$B$18)^92)) | DC3: =IF(A3="","",IF((A3+93)>Model!$B$4,0,MAX(0,Model!$B$6-IF((A3+93)>=Model!$B$11,Model!$B$20,0)-IF(93<Model!$B$15,Model!$B$22,0))/(1-Model!$B$9)/(1+Model!$B$18)^93)) | DD3: =IF(A3="","",IF((A3+94)>Model!$B$4,0,MAX(0,Model!$B$6-IF((A3+94)>=Model!$B$11,Model!$B$20,0)-IF(94<Model!$B$15,Model!$B$22,0))/(1-Model!$B$9)/(1+Model!$B$18)^94)) | DE3: =IF(A3="","",IF((A3+95)>Model!$B$4,0,MAX(0,Model!$B$6-IF((A3+95)>=Model!$B$11,Model!$B$20,0)-IF(95<Model!$B$15,Model!$B$22,0))/(1-Model!$B$9)/(1+Model!$B$18)^95)) | DF3: =IF(A3="","",IF((A3+96)>Model!$B$4,0,MAX(0,Model!$B$6-IF((A3+96)>=Model!$B$11,Model!$B$20,0)-IF(96<Model!$B$15,Model!$B$22,0))/(1-Model!$B$9)/(1+Model!$B$18)^96)) | DG3: =IF(A3="","",IF((A3+97)>Model!$B$4,0,MAX(0,Model!$B$6-IF((A3+97)>=Model!$B$11,Model!$B$20,0)-IF(97<Model!$B$15,Model!$B$22,0))/(1-Model!$B$9)/(1+Model!$B$18)^97)) | DH3: =IF(A3="","",IF((A3+98)>Model!$B$4,0,MAX(0,Model!$B$6-IF((A3+98)>=Model!$B$11,Model!$B$20,0)-IF(98<Model!$B$15,Model!$B$22,0))/(1-Model!$B$9)/(1+Model!$B$18)^98)) | DI3: =IF(A3="","",IF((A3+99)>Model!$B$4,0,MAX(0,Model!$B$6-IF((A3+99)>=Model!$B$11,Model!$B$20,0)-IF(99<Model!$B$15,Model!$B$22,0))/(1-Model!$B$9)/(1+Model!$B$18)^99)) | DJ3: =IF(A3="","",IF((A3+100)>Model!$B$4,0,MAX(0,Model!$B$6-IF((A3+100)>=Model!$B$11,Model!$B$20,0)-IF(100<Model!$B$15,Model!$B$22,0))/(1-Model!$B$9)/(1+Model!$B$18)^100)) | DK3: =IF(A3="","",IF((A3+101)>Model!$B$4,0,MAX(0,Model!$B$6-IF((A3+101)>=Model!$B$11,Model!$B$20,0)-IF(101<Model!$B$15,Model!$B$22,0))/(1-Model!$B$9)/(1+Model!$B$18)^101)) | DL3: =IF(A3="","",IF((A3+102)>Model!$B$4,0,MAX(0,Model!$B$6-IF((A3+102)>=Model!$B$11,Model!$B$20,0)-IF(102<Model!$B$15,Model!$B$22,0))/(1-Model!$B$9)/(1+Model!$B$18)^102)) | DM3: =IF(A3="","",IF((A3+103)>Model!$B$4,0,MAX(0,Model!$B$6-IF((A3+103)>=Model!$B$11,Model!$B$20,0)-IF(103<Model!$B$15,Model!$B$22,0))/(1-Model!$B$9)/(1+Model!$B$18)^103)) | DN3: =IF(A3="","",IF((A3+104)>Model!$B$4,0,MAX(0,Model!$B$6-IF((A3+104)>=Model!$B$11,Model!$B$20,0)-IF(104<Model!$B$15,Model!$B$22,0))/(1-Model!$B$9)/(1+Model!$B$18)^104)) | DO3: =IF(A3="","",IF((A3+105)>Model!$B$4,0,MAX(0,Model!$B$6-IF((A3+105)>=Model!$B$11,Model!$B$20,0)-IF(105<Model!$B$15,Model!$B$22,0))/(1-Model!$B$9)/(1+Model!$B$18)^105)) | DP3: =IF(A3="","",IF((A3+106)>Model!$B$4,0,MAX(0,Model!$B$6-IF((A3+106)>=Model!$B$11,Model!$B$20,0)-IF(106<Model!$B$15,Model!$B$22,0))/(1-Model!$B$9)/(1+Model!$B$18)^106)) | DQ3: =IF(A3="","",IF((A3+107)>Model!$B$4,0,MAX(0,Model!$B$6-IF((A3+107)>=Model!$B$11,Model!$B$20,0)-IF(107<Model!$B$15,Model!$B$22,0))/(1-Model!$B$9)/(1+Model!$B$18)^107)) | DR3: =IF(A3="","",IF((A3+108)>Model!$B$4,0,MAX(0,Model!$B$6-IF((A3+108)>=Model!$B$11,Model!$B$20,0)-IF(108<Model!$B$15,Model!$B$22,0))/(1-Model!$B$9)/(1+Model!$B$18)^108)) | DS3: =IF(A3="","",IF((A3+109)>Model!$B$4,0,MAX(0,Model!$B$6-IF((A3+109)>=Model!$B$11,Model!$B$20,0)-IF(109<Model!$B$15,Model!$B$22,0))/(1-Model!$B$9)/(1+Model!$B$18)^109)) | DT3: =IF(A3="","",IF((A3+110)>Model!$B$4,0,MAX(0,Model!$B$6-IF((A3+110)>=Model!$B$11,Model!$B$20,0)-IF(110<Model!$B$15,Model!$B$22,0))/(1-Model!$B$9)/(1+Model!$B$18)^110)) | DU3: =IF(A3="","",IF((A3+111)>Model!$B$4,0,MAX(0,Model!$B$6-IF((A3+111)>=Model!$B$11,Model!$B$20,0)-IF(111<Model!$B$15,Model!$B$22,0))/(1-Model!$B$9)/(1+Model!$B$18)^111)) | DV3: =IF(A3="","",IF((A3+112)>Model!$B$4,0,MAX(0,Model!$B$6-IF((A3+112)>=Model!$B$11,Model!$B$20,0)-IF(112<Model!$B$15,Model!$B$22,0))/(1-Model!$B$9)/(1+Model!$B$18)^112)) | DW3: =IF(A3="","",IF((A3+113)>Model!$B$4,0,MAX(0,Model!$B$6-IF((A3+113)>=Model!$B$11,Model!$B$20,0)-IF(113<Model!$B$15,Model!$B$22,0))/(1-Model!$B$9)/(1+Model!$B$18)^113)) | DX3: =IF(A3="","",IF((A3+114)>Model!$B$4,0,MAX(0,Model!$B$6-IF((A3+114)>=Model!$B$11,Model!$B$20,0)-IF(114<Model!$B$15,Model!$B$22,0))/(1-Model!$B$9)/(1+Model!$B$18)^114)) | DY3: =IF(A3="","",IF((A3+115)>Model!$B$4,0,MAX(0,Model!$B$6-IF((A3+115)>=Model!$B$11,Model!$B$20,0)-IF(115<Model!$B$15,Model!$B$22,0))/(1-Model!$B$9)/(1+Model!$B$18)^115)) | DZ3: =IF(A3="","",IF((A3+116)>Model!$B$4,0,MAX(0,Model!$B$6-IF((A3+116)>=Model!$B$11,Model!$B$20,0)-IF(116<Model!$B$15,Model!$B$22,0))/(1-Model!$B$9)/(1+Model!$B$18)^116)) | EA3: =IF(A3="","",IF((A3+117)>Model!$B$4,0,MAX(0,Model!$B$6-IF((A3+117)>=Model!$B$11,Model!$B$20,0)-IF(117<Model!$B$15,Model!$B$22,0))/(1-Model!$B$9)/(1+Model!$B$18)^117)) | EB3: =IF(A3="","",IF((A3+118)>Model!$B$4,0,MAX(0,Model!$B$6-IF((A3+118)>=Model!$B$11,Model!$B$20,0)-IF(118<Model!$B$15,Model!$B$22,0))/(1-Model!$B$9)/(1+Model!$B$18)^118)) | EC3: =IF(A3="","",IF((A3+119)>Model!$B$4,0,MAX(0,Model!$B$6-IF((A3+119)>=Model!$B$11,Model!$B$20,0)-IF(119<Model!$B$15,Model!$B$22,0))/(1-Model!$B$9)/(1+Model!$B$18)^119)) | ED3: =IF(A3="","",IF((A3+120)>Model!$B$4,0,MAX(0,Model!$B$6-IF((A3+120)>=Model!$B$11,Model!$B$20,0)-IF(120<Model!$B$15,Model!$B$22,0))/(1-Model!$B$9)/(1+Model!$B$18)^120))
A4: =IF(Model!$B$10+ROW()-2<=Model!$B$4,Model!$B$10+ROW()-2,"") | B4: =IF(A4="","",A4-Model!$B$10) | C4: =IF(A4="","",Model!$B$5*(1+Model!$B$18)^B4) | D4: =IF(A4="","",SUM(N4:ED4)) | E4: =IF(A4="","",IF(A4>=Model!$B$11,Model!$B$20,0)) | F4: =IF(A4="","",IF(Model!$B$15>0,Model!$B$22,0)) | G4: =IF(A4="","",E4+F4) | H4: =IF(A4="","",MAX(0,Model!$B$6-G4)) | I4: =IF(A4="","",H4/(1-Model!$B$9)) | J4: =IF(A4="","",C4-D4) | K4: =IF(A4="","",C4>=D4) | L4: =IF(A4="","",IF(A4>=Model!$B$11,Model!$B$19*(1+Model!$B$13)^B4,0)) | M4: =IF(A4="","",IF(Model!$B$15>0,Model!$B$21*(1+Model!$B$13)^B4,0)) | N4: =IF(A4="","",IF((A4+0)>Model!$B$4,0,MAX(0,Model!$B$6-IF((A4+0)>=Model!$B$11,Model!$B$20,0)-IF(0<Model!$B$15,Model!$B$22,0))/(1-Model!$B$9)/(1+Model!$B$18)^0)) | O4: =IF(A4="","",IF((A4+1)>Model!$B$4,0,MAX(0,Model!$B$6-IF((A4+1)>=Model!$B$11,Model!$B$20,0)-IF(1<Model!$B$15,Model!$B$22,0))/(1-Model!$B$9)/(1+Model!$B$18)^1)) | P4: =IF(A4="","",IF((A4+2)>Model!$B$4,0,MAX(0,Model!$B$6-IF((A4+2)>=Model!$B$11,Model!$B$20,0)-IF(2<Model!$B$15,Model!$B$22,0))/(1-Model!$B$9)/(1+Model!$B$18)^2)) | Q4: =IF(A4="","",IF((A4+3)>Model!$B$4,0,MAX(0,Model!$B$6-IF((A4+3)>=Model!$B$11,Model!$B$20,0)-IF(3<Model!$B$15,Model!$B$22,0))/(1-Model!$B$9)/(1+Model!$B$18)^3)) | R4: =IF(A4="","",IF((A4+4)>Model!$B$4,0,MAX(0,Model!$B$6-IF((A4+4)>=Model!$B$11,Model!$B$20,0)-IF(4<Model!$B$15,Model!$B$22,0))/(1-Model!$B$9)/(1+Model!$B$18)^4)) | S4: =IF(A4="","",IF((A4+5)>Model!$B$4,0,MAX(0,Model!$B$6-IF((A4+5)>=Model!$B$11,Model!$B$20,0)-IF(5<Model!$B$15,Model!$B$22,0))/(1-Model!$B$9)/(1+Model!$B$18)^5)) | T4: =IF(A4="","",IF((A4+6)>Model!$B$4,0,MAX(0,Model!$B$6-IF((A4+6)>=Model!$B$11,Model!$B$20,0)-IF(6<Model!$B$15,Model!$B$22,0))/(1-Model!$B$9)/(1+Model!$B$18)^6)) | U4: =IF(A4="","",IF((A4+7)>Model!$B$4,0,MAX(0,Model!$B$6-IF((A4+7)>=Model!$B$11,Model!$B$20,0)-IF(7<Model!$B$15,Model!$B$22,0))/(1-Model!$B$9)/(1+Model!$B$18)^7)) | V4: =IF(A4="","",IF((A4+8)>Model!$B$4,0,MAX(0,Model!$B$6-IF((A4+8)>=Model!$B$11,Model!$B$20,0)-IF(8<Model!$B$15,Model!$B$22,0))/(1-Model!$B$9)/(1+Model!$B$18)^8)) | W4: =IF(A4="","",IF((A4+9)>Model!$B$4,0,MAX(0,Model!$B$6-IF((A4+9)>=Model!$B$11,Model!$B$20,0)-IF(9<Model!$B$15,Model!$B$22,0))/(1-Model!$B$9)/(1+Model!$B$18)^9)) | X4: =IF(A4="","",IF((A4+10)>Model!$B$4,0,MAX(0,Model!$B$6-IF((A4+10)>=Model!$B$11,Model!$B$20,0)-IF(10<Model!$B$15,Model!$B$22,0))/(1-Model!$B$9)/(1+Model!$B$18)^10)) | Y4: =IF(A4="","",IF((A4+11)>Model!$B$4,0,MAX(0,Model!$B$6-IF((A4+11)>=Model!$B$11,Model!$B$20,0)-IF(11<Model!$B$15,Model!$B$22,0))/(1-Model!$B$9)/(1+Model!$B$18)^11)) | Z4: =IF(A4="","",IF((A4+12)>Model!$B$4,0,MAX(0,Model!$B$6-IF((A4+12)>=Model!$B$11,Model!$B$20,0)-IF(12<Model!$B$15,Model!$B$22,0))/(1-Model!$B$9)/(1+Model!$B$18)^12)) | AA4: =IF(A4="","",IF((A4+13)>Model!$B$4,0,MAX(0,Model!$B$6-IF((A4+13)>=Model!$B$11,Model!$B$20,0)-IF(13<Model!$B$15,Model!$B$22,0))/(1-Model!$B$9)/(1+Model!$B$18)^13)) | AB4: =IF(A4="","",IF((A4+14)>Model!$B$4,0,MAX(0,Model!$B$6-IF((A4+14)>=Model!$B$11,Model!$B$20,0)-IF(14<Model!$B$15,Model!$B$22,0))/(1-Model!$B$9)/(1+Model!$B$18)^14)) | AC4: =IF(A4="","",IF((A4+15)>Model!$B$4,0,MAX(0,Model!$B$6-IF((A4+15)>=Model!$B$11,Model!$B$20,0)-IF(15<Model!$B$15,Model!$B$22,0))/(1-Model!$B$9)/(1+Model!$B$18)^15)) | AD4: =IF(A4="","",IF((A4+16)>Model!$B$4,0,MAX(0,Model!$B$6-IF((A4+16)>=Model!$B$11,Model!$B$20,0)-IF(16<Model!$B$15,Model!$B$22,0))/(1-Model!$B$9)/(1+Model!$B$18)^16)) | AE4: =IF(A4="","",IF((A4+17)>Model!$B$4,0,MAX(0,Model!$B$6-IF((A4+17)>=Model!$B$11,Model!$B$20,0)-IF(17<Model!$B$15,Model!$B$22,0))/(1-Model!$B$9)/(1+Model!$B$18)^17)) | AF4: =IF(A4="","",IF((A4+18)>Model!$B$4,0,MAX(0,Model!$B$6-IF((A4+18)>=Model!$B$11,Model!$B$20,0)-IF(18<Model!$B$15,Model!$B$22,0))/(1-Model!$B$9)/(1+Model!$B$18)^18)) | AG4: =IF(A4="","",IF((A4+19)>Model!$B$4,0,MAX(0,Model!$B$6-IF((A4+19)>=Model!$B$11,Model!$B$20,0)-IF(19<Model!$B$15,Model!$B$22,0))/(1-Model!$B$9)/(1+Model!$B$18)^19)) | AH4: =IF(A4="","",IF((A4+20)>Model!$B$4,0,MAX(0,Model!$B$6-IF((A4+20)>=Model!$B$11,Model!$B$20,0)-IF(20<Model!$B$15,Model!$B$22,0))/(1-Model!$B$9)/(1+Model!$B$18)^20)) | AI4: =IF(A4="","",IF((A4+21)>Model!$B$4,0,MAX(0,Model!$B$6-IF((A4+21)>=Model!$B$11,Model!$B$20,0)-IF(21<Model!$B$15,Model!$B$22,0))/(1-Model!$B$9)/(1+Model!$B$18)^21)) | AJ4: =IF(A4="","",IF((A4+22)>Model!$B$4,0,MAX(0,Model!$B$6-IF((A4+22)>=Model!$B$11,Model!$B$20,0)-IF(22<Model!$B$15,Model!$B$22,0))/(1-Model!$B$9)/(1+Model!$B$18)^22)) | AK4: =IF(A4="","",IF((A4+23)>Model!$B$4,0,MAX(0,Model!$B$6-IF((A4+23)>=Model!$B$11,Model!$B$20,0)-IF(23<Model!$B$15,Model!$B$22,0))/(1-Model!$B$9)/(1+Model!$B$18)^23)) | AL4: =IF(A4="","",IF((A4+24)>Model!$B$4,0,MAX(0,Model!$B$6-IF((A4+24)>=Model!$B$11,Model!$B$20,0)-IF(24<Model!$B$15,Model!$B$22,0))/(1-Model!$B$9)/(1+Model!$B$18)^24)) | AM4: =IF(A4="","",IF((A4+25)>Model!$B$4,0,MAX(0,Model!$B$6-IF((A4+25)>=Model!$B$11,Model!$B$20,0)-IF(25<Model!$B$15,Model!$B$22,0))/(1-Model!$B$9)/(1+Model!$B$18)^25)) | AN4: =IF(A4="","",IF((A4+26)>Model!$B$4,0,MAX(0,Model!$B$6-IF((A4+26)>=Model!$B$11,Model!$B$20,0)-IF(26<Model!$B$15,Model!$B$22,0))/(1-Model!$B$9)/(1+Model!$B$18)^26)) | AO4: =IF(A4="","",IF((A4+27)>Model!$B$4,0,MAX(0,Model!$B$6-IF((A4+27)>=Model!$B$11,Model!$B$20,0)-IF(27<Model!$B$15,Model!$B$22,0))/(1-Model!$B$9)/(1+Model!$B$18)^27)) | AP4: =IF(A4="","",IF((A4+28)>Model!$B$4,0,MAX(0,Model!$B$6-IF((A4+28)>=Model!$B$11,Model!$B$20,0)-IF(28<Model!$B$15,Model!$B$22,0))/(1-Model!$B$9)/(1+Model!$B$18)^28)) | AQ4: =IF(A4="","",IF((A4+29)>Model!$B$4,0,MAX(0,Model!$B$6-IF((A4+29)>=Model!$B$11,Model!$B$20,0)-IF(29<Model!$B$15,Model!$B$22,0))/(1-Model!$B$9)/(1+Model!$B$18)^29)) | AR4: =IF(A4="","",IF((A4+30)>Model!$B$4,0,MAX(0,Model!$B$6-IF((A4+30)>=Model!$B$11,Model!$B$20,0)-IF(30<Model!$B$15,Model!$B$22,0))/(1-Model!$B$9)/(1+Model!$B$18)^30)) | AS4: =IF(A4="","",IF((A4+31)>Model!$B$4,0,MAX(0,Model!$B$6-IF((A4+31)>=Model!$B$11,Model!$B$20,0)-IF(31<Model!$B$15,Model!$B$22,0))/(1-Model!$B$9)/(1+Model!$B$18)^31)) | AT4: =IF(A4="","",IF((A4+32)>Model!$B$4,0,MAX(0,Model!$B$6-IF((A4+32)>=Model!$B$11,Model!$B$20,0)-IF(32<Model!$B$15,Model!$B$22,0))/(1-Model!$B$9)/(1+Model!$B$18)^32)) | AU4: =IF(A4="","",IF((A4+33)>Model!$B$4,0,MAX(0,Model!$B$6-IF((A4+33)>=Model!$B$11,Model!$B$20,0)-IF(33<Model!$B$15,Model!$B$22,0))/(1-Model!$B$9)/(1+Model!$B$18)^33)) | AV4: =IF(A4="","",IF((A4+34)>Model!$B$4,0,MAX(0,Model!$B$6-IF((A4+34)>=Model!$B$11,Model!$B$20,0)-IF(34<Model!$B$15,Model!$B$22,0))/(1-Model!$B$9)/(1+Model!$B$18)^34)) | AW4: =IF(A4="","",IF((A4+35)>Model!$B$4,0,MAX(0,Model!$B$6-IF((A4+35)>=Model!$B$11,Model!$B$20,0)-IF(35<Model!$B$15,Model!$B$22,0))/(1-Model!$B$9)/(1+Model!$B$18)^35)) | AX4: =IF(A4="","",IF((A4+36)>Model!$B$4,0,MAX(0,Model!$B$6-IF((A4+36)>=Model!$B$11,Model!$B$20,0)-IF(36<Model!$B$15,Model!$B$22,0))/(1-Model!$B$9)/(1+Model!$B$18)^36)) | AY4: =IF(A4="","",IF((A4+37)>Model!$B$4,0,MAX(0,Model!$B$6-IF((A4+37)>=Model!$B$11,Model!$B$20,0)-IF(37<Model!$B$15,Model!$B$22,0))/(1-Model!$B$9)/(1+Model!$B$18)^37)) | AZ4: =IF(A4="","",IF((A4+38)>Model!$B$4,0,MAX(0,Model!$B$6-IF((A4+38)>=Model!$B$11,Model!$B$20,0)-IF(38<Model!$B$15,Model!$B$22,0))/(1-Model!$B$9)/(1+Model!$B$18)^38)) | BA4: =IF(A4="","",IF((A4+39)>Model!$B$4,0,MAX(0,Model!$B$6-IF((A4+39)>=Model!$B$11,Model!$B$20,0)-IF(39<Model!$B$15,Model!$B$22,0))/(1-Model!$B$9)/(1+Model!$B$18)^39)) | BB4: =IF(A4="","",IF((A4+40)>Model!$B$4,0,MAX(0,Model!$B$6-IF((A4+40)>=Model!$B$11,Model!$B$20,0)-IF(40<Model!$B$15,Model!$B$22,0))/(1-Model!$B$9)/(1+Model!$B$18)^40)) | BC4: =IF(A4="","",IF((A4+41)>Model!$B$4,0,MAX(0,Model!$B$6-IF((A4+41)>=Model!$B$11,Model!$B$20,0)-IF(41<Model!$B$15,Model!$B$22,0))/(1-Model!$B$9)/(1+Model!$B$18)^41)) | BD4: =IF(A4="","",IF((A4+42)>Model!$B$4,0,MAX(0,Model!$B$6-IF((A4+42)>=Model!$B$11,Model!$B$20,0)-IF(42<Model!$B$15,Model!$B$22,0))/(1-Model!$B$9)/(1+Model!$B$18)^42)) | BE4: =IF(A4="","",IF((A4+43)>Model!$B$4,0,MAX(0,Model!$B$6-IF((A4+43)>=Model!$B$11,Model!$B$20,0)-IF(43<Model!$B$15,Model!$B$22,0))/(1-Model!$B$9)/(1+Model!$B$18)^43)) | BF4: =IF(A4="","",IF((A4+44)>Model!$B$4,0,MAX(0,Model!$B$6-IF((A4+44)>=Model!$B$11,Model!$B$20,0)-IF(44<Model!$B$15,Model!$B$22,0))/(1-Model!$B$9)/(1+Model!$B$18)^44)) | BG4: =IF(A4="","",IF((A4+45)>Model!$B$4,0,MAX(0,Model!$B$6-IF((A4+45)>=Model!$B$11,Model!$B$20,0)-IF(45<Model!$B$15,Model!$B$22,0))/(1-Model!$B$9)/(1+Model!$B$18)^45)) | BH4: =IF(A4="","",IF((A4+46)>Model!$B$4,0,MAX(0,Model!$B$6-IF((A4+46)>=Model!$B$11,Model!$B$20,0)-IF(46<Model!$B$15,Model!$B$22,0))/(1-Model!$B$9)/(1+Model!$B$18)^46)) | BI4: =IF(A4="","",IF((A4+47)>Model!$B$4,0,MAX(0,Model!$B$6-IF((A4+47)>=Model!$B$11,Model!$B$20,0)-IF(47<Model!$B$15,Model!$B$22,0))/(1-Model!$B$9)/(1+Model!$B$18)^47)) | BJ4: =IF(A4="","",IF((A4+48)>Model!$B$4,0,MAX(0,Model!$B$6-IF((A4+48)>=Model!$B$11,Model!$B$20,0)-IF(48<Model!$B$15,Model!$B$22,0))/(1-Model!$B$9)/(1+Model!$B$18)^48)) | BK4: =IF(A4="","",IF((A4+49)>Model!$B$4,0,MAX(0,Model!$B$6-IF((A4+49)>=Model!$B$11,Model!$B$20,0)-IF(49<Model!$B$15,Model!$B$22,0))/(1-Model!$B$9)/(1+Model!$B$18)^49)) | BL4: =IF(A4="","",IF((A4+50)>Model!$B$4,0,MAX(0,Model!$B$6-IF((A4+50)>=Model!$B$11,Model!$B$20,0)-IF(50<Model!$B$15,Model!$B$22,0))/(1-Model!$B$9)/(1+Model!$B$18)^50)) | BM4: =IF(A4="","",IF((A4+51)>Model!$B$4,0,MAX(0,Model!$B$6-IF((A4+51)>=Model!$B$11,Model!$B$20,0)-IF(51<Model!$B$15,Model!$B$22,0))/(1-Model!$B$9)/(1+Model!$B$18)^51)) | BN4: =IF(A4="","",IF((A4+52)>Model!$B$4,0,MAX(0,Model!$B$6-IF((A4+52)>=Model!$B$11,Model!$B$20,0)-IF(52<Model!$B$15,Model!$B$22,0))/(1-Model!$B$9)/(1+Model!$B$18)^52)) | BO4: =IF(A4="","",IF((A4+53)>Model!$B$4,0,MAX(0,Model!$B$6-IF((A4+53)>=Model!$B$11,Model!$B$20,0)-IF(53<Model!$B$15,Model!$B$22,0))/(1-Model!$B$9)/(1+Model!$B$18)^53)) | BP4: =IF(A4="","",IF((A4+54)>Model!$B$4,0,MAX(0,Model!$B$6-IF((A4+54)>=Model!$B$11,Model!$B$20,0)-IF(54<Model!$B$15,Model!$B$22,0))/(1-Model!$B$9)/(1+Model!$B$18)^54)) | BQ4: =IF(A4="","",IF((A4+55)>Model!$B$4,0,MAX(0,Model!$B$6-IF((A4+55)>=Model!$B$11,Model!$B$20,0)-IF(55<Model!$B$15,Model!$B$22,0))/(1-Model!$B$9)/(1+Model!$B$18)^55)) | BR4: =IF(A4="","",IF((A4+56)>Model!$B$4,0,MAX(0,Model!$B$6-IF((A4+56)>=Model!$B$11,Model!$B$20,0)-IF(56<Model!$B$15,Model!$B$22,0))/(1-Model!$B$9)/(1+Model!$B$18)^56)) | BS4: =IF(A4="","",IF((A4+57)>Model!$B$4,0,MAX(0,Model!$B$6-IF((A4+57)>=Model!$B$11,Model!$B$20,0)-IF(57<Model!$B$15,Model!$B$22,0))/(1-Model!$B$9)/(1+Model!$B$18)^57)) | BT4: =IF(A4="","",IF((A4+58)>Model!$B$4,0,MAX(0,Model!$B$6-IF((A4+58)>=Model!$B$11,Model!$B$20,0)-IF(58<Model!$B$15,Model!$B$22,0))/(1-Model!$B$9)/(1+Model!$B$18)^58)) | BU4: =IF(A4="","",IF((A4+59)>Model!$B$4,0,MAX(0,Model!$B$6-IF((A4+59)>=Model!$B$11,Model!$B$20,0)-IF(59<Model!$B$15,Model!$B$22,0))/(1-Model!$B$9)/(1+Model!$B$18)^59)) | BV4: =IF(A4="","",IF((A4+60)>Model!$B$4,0,MAX(0,Model!$B$6-IF((A4+60)>=Model!$B$11,Model!$B$20,0)-IF(60<Model!$B$15,Model!$B$22,0))/(1-Model!$B$9)/(1+Model!$B$18)^60)) | BW4: =IF(A4="","",IF((A4+61)>Model!$B$4,0,MAX(0,Model!$B$6-IF((A4+61)>=Model!$B$11,Model!$B$20,0)-IF(61<Model!$B$15,Model!$B$22,0))/(1-Model!$B$9)/(1+Model!$B$18)^61)) | BX4: =IF(A4="","",IF((A4+62)>Model!$B$4,0,MAX(0,Model!$B$6-IF((A4+62)>=Model!$B$11,Model!$B$20,0)-IF(62<Model!$B$15,Model!$B$22,0))/(1-Model!$B$9)/(1+Model!$B$18)^62)) | BY4: =IF(A4="","",IF((A4+63)>Model!$B$4,0,MAX(0,Model!$B$6-IF((A4+63)>=Model!$B$11,Model!$B$20,0)-IF(63<Model!$B$15,Model!$B$22,0))/(1-Model!$B$9)/(1+Model!$B$18)^63)) | BZ4: =IF(A4="","",IF((A4+64)>Model!$B$4,0,MAX(0,Model!$B$6-IF((A4+64)>=Model!$B$11,Model!$B$20,0)-IF(64<Model!$B$15,Model!$B$22,0))/(1-Model!$B$9)/(1+Model!$B$18)^64)) | CA4: =IF(A4="","",IF((A4+65)>Model!$B$4,0,MAX(0,Model!$B$6-IF((A4+65)>=Model!$B$11,Model!$B$20,0)-IF(65<Model!$B$15,Model!$B$22,0))/(1-Model!$B$9)/(1+Model!$B$18)^65)) | CB4: =IF(A4="","",IF((A4+66)>Model!$B$4,0,MAX(0,Model!$B$6-IF((A4+66)>=Model!$B$11,Model!$B$20,0)-IF(66<Model!$B$15,Model!$B$22,0))/(1-Model!$B$9)/(1+Model!$B$18)^66)) | CC4: =IF(A4="","",IF((A4+67)>Model!$B$4,0,MAX(0,Model!$B$6-IF((A4+67)>=Model!$B$11,Model!$B$20,0)-IF(67<Model!$B$15,Model!$B$22,0))/(1-Model!$B$9)/(1+Model!$B$18)^67)) | CD4: =IF(A4="","",IF((A4+68)>Model!$B$4,0,MAX(0,Model!$B$6-IF((A4+68)>=Model!$B$11,Model!$B$20,0)-IF(68<Model!$B$15,Model!$B$22,0))/(1-Model!$B$9)/(1+Model!$B$18)^68)) | CE4: =IF(A4="","",IF((A4+69)>Model!$B$4,0,MAX(0,Model!$B$6-IF((A4+69)>=Model!$B$11,Model!$B$20,0)-IF(69<Model!$B$15,Model!$B$22,0))/(1-Model!$B$9)/(1+Model!$B$18)^69)) | CF4: =IF(A4="","",IF((A4+70)>Model!$B$4,0,MAX(0,Model!$B$6-IF((A4+70)>=Model!$B$11,Model!$B$20,0)-IF(70<Model!$B$15,Model!$B$22,0))/(1-Model!$B$9)/(1+Model!$B$18)^70)) | CG4: =IF(A4="","",IF((A4+71)>Model!$B$4,0,MAX(0,Model!$B$6-IF((A4+71)>=Model!$B$11,Model!$B$20,0)-IF(71<Model!$B$15,Model!$B$22,0))/(1-Model!$B$9)/(1+Model!$B$18)^71)) | CH4: =IF(A4="","",IF((A4+72)>Model!$B$4,0,MAX(0,Model!$B$6-IF((A4+72)>=Model!$B$11,Model!$B$20,0)-IF(72<Model!$B$15,Model!$B$22,0))/(1-Model!$B$9)/(1+Model!$B$18)^72)) | CI4: =IF(A4="","",IF((A4+73)>Model!$B$4,0,MAX(0,Model!$B$6-IF((A4+73)>=Model!$B$11,Model!$B$20,0)-IF(73<Model!$B$15,Model!$B$22,0))/(1-Model!$B$9)/(1+Model!$B$18)^73)) | CJ4: =IF(A4="","",IF((A4+74)>Model!$B$4,0,MAX(0,Model!$B$6-IF((A4+74)>=Model!$B$11,Model!$B$20,0)-IF(74<Model!$B$15,Model!$B$22,0))/(1-Model!$B$9)/(1+Model!$B$18)^74)) | CK4: =IF(A4="","",IF((A4+75)>Model!$B$4,0,MAX(0,Model!$B$6-IF((A4+75)>=Model!$B$11,Model!$B$20,0)-IF(75<Model!$B$15,Model!$B$22,0))/(1-Model!$B$9)/(1+Model!$B$18)^75)) | CL4: =IF(A4="","",IF((A4+76)>Model!$B$4,0,MAX(0,Model!$B$6-IF((A4+76)>=Model!$B$11,Model!$B$20,0)-IF(76<Model!$B$15,Model!$B$22,0))/(1-Model!$B$9)/(1+Model!$B$18)^76)) | CM4: =IF(A4="","",IF((A4+77)>Model!$B$4,0,MAX(0,Model!$B$6-IF((A4+77)>=Model!$B$11,Model!$B$20,0)-IF(77<Model!$B$15,Model!$B$22,0))/(1-Model!$B$9)/(1+Model!$B$18)^77)) | CN4: =IF(A4="","",IF((A4+78)>Model!$B$4,0,MAX(0,Model!$B$6-IF((A4+78)>=Model!$B$11,Model!$B$20,0)-IF(78<Model!$B$15,Model!$B$22,0))/(1-Model!$B$9)/(1+Model!$B$18)^78)) | CO4: =IF(A4="","",IF((A4+79)>Model!$B$4,0,MAX(0,Model!$B$6-IF((A4+79)>=Model!$B$11,Model!$B$20,0)-IF(79<Model!$B$15,Model!$B$22,0))/(1-Model!$B$9)/(1+Model!$B$18)^79)) | CP4: =IF(A4="","",IF((A4+80)>Model!$B$4,0,MAX(0,Model!$B$6-IF((A4+80)>=Model!$B$11,Model!$B$20,0)-IF(80<Model!$B$15,Model!$B$22,0))/(1-Model!$B$9)/(1+Model!$B$18)^80)) | CQ4: =IF(A4="","",IF((A4+81)>Model!$B$4,0,MAX(0,Model!$B$6-IF((A4+81)>=Model!$B$11,Model!$B$20,0)-IF(81<Model!$B$15,Model!$B$22,0))/(1-Model!$B$9)/(1+Model!$B$18)^81)) | CR4: =IF(A4="","",IF((A4+82)>Model!$B$4,0,MAX(0,Model!$B$6-IF((A4+82)>=Model!$B$11,Model!$B$20,0)-IF(82<Model!$B$15,Model!$B$22,0))/(1-Model!$B$9)/(1+Model!$B$18)^82)) | CS4: =IF(A4="","",IF((A4+83)>Model!$B$4,0,MAX(0,Model!$B$6-IF((A4+83)>=Model!$B$11,Model!$B$20,0)-IF(83<Model!$B$15,Model!$B$22,0))/(1-Model!$B$9)/(1+Model!$B$18)^83)) | CT4: =IF(A4="","",IF((A4+84)>Model!$B$4,0,MAX(0,Model!$B$6-IF((A4+84)>=Model!$B$11,Model!$B$20,0)-IF(84<Model!$B$15,Model!$B$22,0))/(1-Model!$B$9)/(1+Model!$B$18)^84)) | CU4: =IF(A4="","",IF((A4+85)>Model!$B$4,0,MAX(0,Model!$B$6-IF((A4+85)>=Model!$B$11,Model!$B$20,0)-IF(85<Model!$B$15,Model!$B$22,0))/(1-Model!$B$9)/(1+Model!$B$18)^85)) | CV4: =IF(A4="","",IF((A4+86)>Model!$B$4,0,MAX(0,Model!$B$6-IF((A4+86)>=Model!$B$11,Model!$B$20,0)-IF(86<Model!$B$15,Model!$B$22,0))/(1-Model!$B$9)/(1+Model!$B$18)^86)) | CW4: =IF(A4="","",IF((A4+87)>Model!$B$4,0,MAX(0,Model!$B$6-IF((A4+87)>=Model!$B$11,Model!$B$20,0)-IF(87<Model!$B$15,Model!$B$22,0))/(1-Model!$B$9)/(1+Model!$B$18)^87)) | CX4: =IF(A4="","",IF((A4+88)>Model!$B$4,0,MAX(0,Model!$B$6-IF((A4+88)>=Model!$B$11,Model!$B$20,0)-IF(88<Model!$B$15,Model!$B$22,0))/(1-Model!$B$9)/(1+Model!$B$18)^88)) | CY4: =IF(A4="","",IF((A4+89)>Model!$B$4,0,MAX(0,Model!$B$6-IF((A4+89)>=Model!$B$11,Model!$B$20,0)-IF(89<Model!$B$15,Model!$B$22,0))/(1-Model!$B$9)/(1+Model!$B$18)^89)) | CZ4: =IF(A4="","",IF((A4+90)>Model!$B$4,0,MAX(0,Model!$B$6-IF((A4+90)>=Model!$B$11,Model!$B$20,0)-IF(90<Model!$B$15,Model!$B$22,0))/(1-Model!$B$9)/(1+Model!$B$18)^90)) | DA4: =IF(A4="","",IF((A4+91)>Model!$B$4,0,MAX(0,Model!$B$6-IF((A4+91)>=Model!$B$11,Model!$B$20,0)-IF(91<Model!$B$15,Model!$B$22,0))/(1-Model!$B$9)/(1+Model!$B$18)^91)) | DB4: =IF(A4="","",IF((A4+92)>Model!$B$4,0,MAX(0,Model!$B$6-IF((A4+92)>=Model!$B$11,Model!$B$20,0)-IF(92<Model!$B$15,Model!$B$22,0))/(1-Model!$B$9)/(1+Model!$B$18)^92)) | DC4: =IF(A4="","",IF((A4+93)>Model!$B$4,0,MAX(0,Model!$B$6-IF((A4+93)>=Model!$B$11,Model!$B$20,0)-IF(93<Model!$B$15,Model!$B$22,0))/(1-Model!$B$9)/(1+Model!$B$18)^93)) | DD4: =IF(A4="","",IF((A4+94)>Model!$B$4,0,MAX(0,Model!$B$6-IF((A4+94)>=Model!$B$11,Model!$B$20,0)-IF(94<Model!$B$15,Model!$B$22,0))/(1-Model!$B$9)/(1+Model!$B$18)^94)) | DE4: =IF(A4="","",IF((A4+95)>Model!$B$4,0,MAX(0,Model!$B$6-IF((A4+95)>=Model!$B$11,Model!$B$20,0)-IF(95<Model!$B$15,Model!$B$22,0))/(1-Model!$B$9)/(1+Model!$B$18)^95)) | DF4: =IF(A4="","",IF((A4+96)>Model!$B$4,0,MAX(0,Model!$B$6-IF((A4+96)>=Model!$B$11,Model!$B$20,0)-IF(96<Model!$B$15,Model!$B$22,0))/(1-Model!$B$9)/(1+Model!$B$18)^96)) | DG4: =IF(A4="","",IF((A4+97)>Model!$B$4,0,MAX(0,Model!$B$6-IF((A4+97)>=Model!$B$11,Model!$B$20,0)-IF(97<Model!$B$15,Model!$B$22,0))/(1-Model!$B$9)/(1+Model!$B$18)^97)) | DH4: =IF(A4="","",IF((A4+98)>Model!$B$4,0,MAX(0,Model!$B$6-IF((A4+98)>=Model!$B$11,Model!$B$20,0)-IF(98<Model!$B$15,Model!$B$22,0))/(1-Model!$B$9)/(1+Model!$B$18)^98)) | DI4: =IF(A4="","",IF((A4+99)>Model!$B$4,0,MAX(0,Model!$B$6-IF((A4+99)>=Model!$B$11,Model!$B$20,0)-IF(99<Model!$B$15,Model!$B$22,0))/(1-Model!$B$9)/(1+Model!$B$18)^99)) | DJ4: =IF(A4="","",IF((A4+100)>Model!$B$4,0,MAX(0,Model!$B$6-IF((A4+100)>=Model!$B$11,Model!$B$20,0)-IF(100<Model!$B$15,Model!$B$22,0))/(1-Model!$B$9)/(1+Model!$B$18)^100)) | DK4: =IF(A4="","",IF((A4+101)>Model!$B$4,0,MAX(0,Model!$B$6-IF((A4+101)>=Model!$B$11,Model!$B$20,0)-IF(101<Model!$B$15,Model!$B$22,0))/(1-Model!$B$9)/(1+Model!$B$18)^101)) | DL4: =IF(A4="","",IF((A4+102)>Model!$B$4,0,MAX(0,Model!$B$6-IF((A4+102)>=Model!$B$11,Model!$B$20,0)-IF(102<Model!$B$15,Model!$B$22,0))/(1-Model!$B$9)/(1+Model!$B$18)^102)) | DM4: =IF(A4="","",IF((A4+103)>Model!$B$4,0,MAX(0,Model!$B$6-IF((A4+103)>=Model!$B$11,Model!$B$20,0)-IF(103<Model!$B$15,Model!$B$22,0))/(1-Model!$B$9)/(1+Model!$B$18)^103)) | DN4: =IF(A4="","",IF((A4+104)>Model!$B$4,0,MAX(0,Model!$B$6-IF((A4+104)>=Model!$B$11,Model!$B$20,0)-IF(104<Model!$B$15,Model!$B$22,0))/(1-Model!$B$9)/(1+Model!$B$18)^104)) | DO4: =IF(A4="","",IF((A4+105)>Model!$B$4,0,MAX(0,Model!$B$6-IF((A4+105)>=Model!$B$11,Model!$B$20,0)-IF(105<Model!$B$15,Model!$B$22,0))/(1-Model!$B$9)/(1+Model!$B$18)^105)) | DP4: =IF(A4="","",IF((A4+106)>Model!$B$4,0,MAX(0,Model!$B$6-IF((A4+106)>=Model!$B$11,Model!$B$20,0)-IF(106<Model!$B$15,Model!$B$22,0))/(1-Model!$B$9)/(1+Model!$B$18)^106)) | DQ4: =IF(A4="","",IF((A4+107)>Model!$B$4,0,MAX(0,Model!$B$6-IF((A4+107)>=Model!$B$11,Model!$B$20,0)-IF(107<Model!$B$15,Model!$B$22,0))/(1-Model!$B$9)/(1+Model!$B$18)^107)) | DR4: =IF(A4="","",IF((A4+108)>Model!$B$4,0,MAX(0,Model!$B$6-IF((A4+108)>=Model!$B$11,Model!$B$20,0)-IF(108<Model!$B$15,Model!$B$22,0))/(1-Model!$B$9)/(1+Model!$B$18)^108)) | DS4: =IF(A4="","",IF((A4+109)>Model!$B$4,0,MAX(0,Model!$B$6-IF((A4+109)>=Model!$B$11,Model!$B$20,0)-IF(109<Model!$B$15,Model!$B$22,0))/(1-Model!$B$9)/(1+Model!$B$18)^109)) | DT4: =IF(A4="","",IF((A4+110)>Model!$B$4,0,MAX(0,Model!$B$6-IF((A4+110)>=Model!$B$11,Model!$B$20,0)-IF(110<Model!$B$15,Model!$B$22,0))/(1-Model!$B$9)/(1+Model!$B$18)^110)) | DU4: =IF(A4="","",IF((A4+111)>Model!$B$4,0,MAX(0,Model!$B$6-IF((A4+111)>=Model!$B$11,Model!$B$20,0)-IF(111<Model!$B$15,Model!$B$22,0))/(1-Model!$B$9)/(1+Model!$B$18)^111)) | DV4: =IF(A4="","",IF((A4+112)>Model!$B$4,0,MAX(0,Model!$B$6-IF((A4+112)>=Model!$B$11,Model!$B$20,0)-IF(112<Model!$B$15,Model!$B$22,0))/(1-Model!$B$9)/(1+Model!$B$18)^112)) | DW4: =IF(A4="","",IF((A4+113)>Model!$B$4,0,MAX(0,Model!$B$6-IF((A4+113)>=Model!$B$11,Model!$B$20,0)-IF(113<Model!$B$15,Model!$B$22,0))/(1-Model!$B$9)/(1+Model!$B$18)^113)) | DX4: =IF(A4="","",IF((A4+114)>Model!$B$4,0,MAX(0,Model!$B$6-IF((A4+114)>=Model!$B$11,Model!$B$20,0)-IF(114<Model!$B$15,Model!$B$22,0))/(1-Model!$B$9)/(1+Model!$B$18)^114)) | DY4: =IF(A4="","",IF((A4+115)>Model!$B$4,0,MAX(0,Model!$B$6-IF((A4+115)>=Model!$B$11,Model!$B$20,0)-IF(115<Model!$B$15,Model!$B$22,0))/(1-Model!$B$9)/(1+Model!$B$18)^115)) | DZ4: =IF(A4="","",IF((A4+116)>Model!$B$4,0,MAX(0,Model!$B$6-IF((A4+116)>=Model!$B$11,Model!$B$20,0)-IF(116<Model!$B$15,Model!$B$22,0))/(1-Model!$B$9)/(1+Model!$B$18)^116)) | EA4: =IF(A4="","",IF((A4+117)>Model!$B$4,0,MAX(0,Model!$B$6-IF((A4+117)>=Model!$B$11,Model!$B$20,0)-IF(117<Model!$B$15,Model!$B$22,0))/(1-Model!$B$9)/(1+Model!$B$18)^117)) | EB4: =IF(A4="","",IF((A4+118)>Model!$B$4,0,MAX(0,Model!$B$6-IF((A4+118)>=Model!$B$11,Model!$B$20,0)-IF(118<Model!$B$15,Model!$B$22,0))/(1-Model!$B$9)/(1+Model!$B$18)^118)) | EC4: =IF(A4="","",IF((A4+119)>Model!$B$4,0,MAX(0,Model!$B$6-IF((A4+119)>=Model!$B$11,Model!$B$20,0)-IF(119<Model!$B$15,Model!$B$22,0))/(1-Model!$B$9)/(1+Model!$B$18)^119)) | ED4: =IF(A4="","",IF((A4+120)>Model!$B$4,0,MAX(0,Model!$B$6-IF((A4+120)>=Model!$B$11,Model!$B$20,0)-IF(120<Model!$B$15,Model!$B$22,0))/(1-Model!$B$9)/(1+Model!$B$18)^120))
A5: =IF(Model!$B$10+ROW()-2<=Model!$B$4,Model!$B$10+ROW()-2,"") | B5: =IF(A5="","",A5-Model!$B$10) | C5: =IF(A5="","",Model!$B$5*(1+Model!$B$18)^B5) | D5: =IF(A5="","",SUM(N5:ED5)) | E5: =IF(A5="","",IF(A5>=Model!$B$11,Model!$B$20,0)) | F5: =IF(A5="","",IF(Model!$B$15>0,Model!$B$22,0)) | G5: =IF(A5="","",E5+F5) | H5: =IF(A5="","",MAX(0,Model!$B$6-G5)) | I5: =IF(A5="","",H5/(1-Model!$B$9)) | J5: =IF(A5="","",C5-D5) | K5: =IF(A5="","",C5>=D5) | L5: =IF(A5="","",IF(A5>=Model!$B$11,Model!$B$19*(1+Model!$B$13)^B5,0)) | M5: =IF(A5="","",IF(Model!$B$15>0,Model!$B$21*(1+Model!$B$13)^B5,0)) | N5: =IF(A5="","",IF((A5+0)>Model!$B$4,0,MAX(0,Model!$B$6-IF((A5+0)>=Model!$B$11,Model!$B$20,0)-IF(0<Model!$B$15,Model!$B$22,0))/(1-Model!$B$9)/(1+Model!$B$18)^0)) | O5: =IF(A5="","",IF((A5+1)>Model!$B$4,0,MAX(0,Model!$B$6-IF((A5+1)>=Model!$B$11,Model!$B$20,0)-IF(1<Model!$B$15,Model!$B$22,0))/(1-Model!$B$9)/(1+Model!$B$18)^1)) | P5: =IF(A5="","",IF((A5+2)>Model!$B$4,0,MAX(0,Model!$B$6-IF((A5+2)>=Model!$B$11,Model!$B$20,0)-IF(2<Model!$B$15,Model!$B$22,0))/(1-Model!$B$9)/(1+Model!$B$18)^2)) | Q5: =IF(A5="","",IF((A5+3)>Model!$B$4,0,MAX(0,Model!$B$6-IF((A5+3)>=Model!$B$11,Model!$B$20,0)-IF(3<Model!$B$15,Model!$B$22,0))/(1-Model!$B$9)/(1+Model!$B$18)^3)) | R5: =IF(A5="","",IF((A5+4)>Model!$B$4,0,MAX(0,Model!$B$6-IF((A5+4)>=Model!$B$11,Model!$B$20,0)-IF(4<Model!$B$15,Model!$B$22,0))/(1-Model!$B$9)/(1+Model!$B$18)^4)) | S5: =IF(A5="","",IF((A5+5)>Model!$B$4,0,MAX(0,Model!$B$6-IF((A5+5)>=Model!$B$11,Model!$B$20,0)-IF(5<Model!$B$15,Model!$B$22,0))/(1-Model!$B$9)/(1+Model!$B$18)^5)) | T5: =IF(A5="","",IF((A5+6)>Model!$B$4,0,MAX(0,Model!$B$6-IF((A5+6)>=Model!$B$11,Model!$B$20,0)-IF(6<Model!$B$15,Model!$B$22,0))/(1-Model!$B$9)/(1+Model!$B$18)^6)) | U5: =IF(A5="","",IF((A5+7)>Model!$B$4,0,MAX(0,Model!$B$6-IF((A5+7)>=Model!$B$11,Model!$B$20,0)-IF(7<Model!$B$15,Model!$B$22,0))/(1-Model!$B$9)/(1+Model!$B$18)^7)) | V5: =IF(A5="","",IF((A5+8)>Model!$B$4,0,MAX(0,Model!$B$6-IF((A5+8)>=Model!$B$11,Model!$B$20,0)-IF(8<Model!$B$15,Model!$B$22,0))/(1-Model!$B$9)/(1+Model!$B$18)^8)) | W5: =IF(A5="","",IF((A5+9)>Model!$B$4,0,MAX(0,Model!$B$6-IF((A5+9)>=Model!$B$11,Model!$B$20,0)-IF(9<Model!$B$15,Model!$B$22,0))/(1-Model!$B$9)/(1+Model!$B$18)^9)) | X5: =IF(A5="","",IF((A5+10)>Model!$B$4,0,MAX(0,Model!$B$6-IF((A5+10)>=Model!$B$11,Model!$B$20,0)-IF(10<Model!$B$15,Model!$B$22,0))/(1-Model!$B$9)/(1+Model!$B$18)^10)) | Y5: =IF(A5="","",IF((A5+11)>Model!$B$4,0,MAX(0,Model!$B$6-IF((A5+11)>=Model!$B$11,Model!$B$20,0)-IF(11<Model!$B$15,Model!$B$22,0))/(1-Model!$B$9)/(1+Model!$B$18)^11)) | Z5: =IF(A5="","",IF((A5+12)>Model!$B$4,0,MAX(0,Model!$B$6-IF((A5+12)>=Model!$B$11,Model!$B$20,0)-IF(12<Model!$B$15,Model!$B$22,0))/(1-Model!$B$9)/(1+Model!$B$18)^12)) | AA5: =IF(A5="","",IF((A5+13)>Model!$B$4,0,MAX(0,Model!$B$6-IF((A5+13)>=Model!$B$11,Model!$B$20,0)-IF(13<Model!$B$15,Model!$B$22,0))/(1-Model!$B$9)/(1+Model!$B$18)^13)) | AB5: =IF(A5="","",IF((A5+14)>Model!$B$4,0,MAX(0,Model!$B$6-IF((A5+14)>=Model!$B$11,Model!$B$20,0)-IF(14<Model!$B$15,Model!$B$22,0))/(1-Model!$B$9)/(1+Model!$B$18)^14)) | AC5: =IF(A5="","",IF((A5+15)>Model!$B$4,0,MAX(0,Model!$B$6-IF((A5+15)>=Model!$B$11,Model!$B$20,0)-IF(15<Model!$B$15,Model!$B$22,0))/(1-Model!$B$9)/(1+Model!$B$18)^15)) | AD5: =IF(A5="","",IF((A5+16)>Model!$B$4,0,MAX(0,Model!$B$6-IF((A5+16)>=Model!$B$11,Model!$B$20,0)-IF(16<Model!$B$15,Model!$B$22,0))/(1-Model!$B$9)/(1+Model!$B$18)^16)) | AE5: =IF(A5="","",IF((A5+17)>Model!$B$4,0,MAX(0,Model!$B$6-IF((A5+17)>=Model!$B$11,Model!$B$20,0)-IF(17<Model!$B$15,Model!$B$22,0))/(1-Model!$B$9)/(1+Model!$B$18)^17)) | AF5: =IF(A5="","",IF((A5+18)>Model!$B$4,0,MAX(0,Model!$B$6-IF((A5+18)>=Model!$B$11,Model!$B$20,0)-IF(18<Model!$B$15,Model!$B$22,0))/(1-Model!$B$9)/(1+Model!$B$18)^18)) | AG5: =IF(A5="","",IF((A5+19)>Model!$B$4,0,MAX(0,Model!$B$6-IF((A5+19)>=Model!$B$11,Model!$B$20,0)-IF(19<Model!$B$15,Model!$B$22,0))/(1-Model!$B$9)/(1+Model!$B$18)^19)) | AH5: =IF(A5="","",IF((A5+20)>Model!$B$4,0,MAX(0,Model!$B$6-IF((A5+20)>=Model!$B$11,Model!$B$20,0)-IF(20<Model!$B$15,Model!$B$22,0))/(1-Model!$B$9)/(1+Model!$B$18)^20)) | AI5: =IF(A5="","",IF((A5+21)>Model!$B$4,0,MAX(0,Model!$B$6-IF((A5+21)>=Model!$B$11,Model!$B$20,0)-IF(21<Model!$B$15,Model!$B$22,0))/(1-Model!$B$9)/(1+Model!$B$18)^21)) | AJ5: =IF(A5="","",IF((A5+22)>Model!$B$4,0,MAX(0,Model!$B$6-IF((A5+22)>=Model!$B$11,Model!$B$20,0)-IF(22<Model!$B$15,Model!$B$22,0))/(1-Model!$B$9)/(1+Model!$B$18)^22)) | AK5: =IF(A5="","",IF((A5+23)>Model!$B$4,0,MAX(0,Model!$B$6-IF((A5+23)>=Model!$B$11,Model!$B$20,0)-IF(23<Model!$B$15,Model!$B$22,0))/(1-Model!$B$9)/(1+Model!$B$18)^23)) | AL5: =IF(A5="","",IF((A5+24)>Model!$B$4,0,MAX(0,Model!$B$6-IF((A5+24)>=Model!$B$11,Model!$B$20,0)-IF(24<Model!$B$15,Model!$B$22,0))/(1-Model!$B$9)/(1+Model!$B$18)^24)) | AM5: =IF(A5="","",IF((A5+25)>Model!$B$4,0,MAX(0,Model!$B$6-IF((A5+25)>=Model!$B$11,Model!$B$20,0)-IF(25<Model!$B$15,Model!$B$22,0))/(1-Model!$B$9)/(1+Model!$B$18)^25)) | AN5: =IF(A5="","",IF((A5+26)>Model!$B$4,0,MAX(0,Model!$B$6-IF((A5+26)>=Model!$B$11,Model!$B$20,0)-IF(26<Model!$B$15,Model!$B$22,0))/(1-Model!$B$9)/(1+Model!$B$18)^26)) | AO5: =IF(A5="","",IF((A5+27)>Model!$B$4,0,MAX(0,Model!$B$6-IF((A5+27)>=Model!$B$11,Model!$B$20,0)-IF(27<Model!$B$15,Model!$B$22,0))/(1-Model!$B$9)/(1+Model!$B$18)^27)) | AP5: =IF(A5="","",IF((A5+28)>Model!$B$4,0,MAX(0,Model!$B$6-IF((A5+28)>=Model!$B$11,Model!$B$20,0)-IF(28<Model!$B$15,Model!$B$22,0))/(1-Model!$B$9)/(1+Model!$B$18)^28)) | AQ5: =IF(A5="","",IF((A5+29)>Model!$B$4,0,MAX(0,Model!$B$6-IF((A5+29)>=Model!$B$11,Model!$B$20,0)-IF(29<Model!$B$15,Model!$B$22,0))/(1-Model!$B$9)/(1+Model!$B$18)^29)) | AR5: =IF(A5="","",IF((A5+30)>Model!$B$4,0,MAX(0,Model!$B$6-IF((A5+30)>=Model!$B$11,Model!$B$20,0)-IF(30<Model!$B$15,Model!$B$22,0))/(1-Model!$B$9)/(1+Model!$B$18)^30)) | AS5: =IF(A5="","",IF((A5+31)>Model!$B$4,0,MAX(0,Model!$B$6-IF((A5+31)>=Model!$B$11,Model!$B$20,0)-IF(31<Model!$B$15,Model!$B$22,0))/(1-Model!$B$9)/(1+Model!$B$18)^31)) | AT5: =IF(A5="","",IF((A5+32)>Model!$B$4,0,MAX(0,Model!$B$6-IF((A5+32)>=Model!$B$11,Model!$B$20,0)-IF(32<Model!$B$15,Model!$B$22,0))/(1-Model!$B$9)/(1+Model!$B$18)^32)) | AU5: =IF(A5="","",IF((A5+33)>Model!$B$4,0,MAX(0,Model!$B$6-IF((A5+33)>=Model!$B$11,Model!$B$20,0)-IF(33<Model!$B$15,Model!$B$22,0))/(1-Model!$B$9)/(1+Model!$B$18)^33)) | AV5: =IF(A5="","",IF((A5+34)>Model!$B$4,0,MAX(0,Model!$B$6-IF((A5+34)>=Model!$B$11,Model!$B$20,0)-IF(34<Model!$B$15,Model!$B$22,0))/(1-Model!$B$9)/(1+Model!$B$18)^34)) | AW5: =IF(A5="","",IF((A5+35)>Model!$B$4,0,MAX(0,Model!$B$6-IF((A5+35)>=Model!$B$11,Model!$B$20,0)-IF(35<Model!$B$15,Model!$B$22,0))/(1-Model!$B$9)/(1+Model!$B$18)^35)) | AX5: =IF(A5="","",IF((A5+36)>Model!$B$4,0,MAX(0,Model!$B$6-IF((A5+36)>=Model!$B$11,Model!$B$20,0)-IF(36<Model!$B$15,Model!$B$22,0))/(1-Model!$B$9)/(1+Model!$B$18)^36)) | AY5: =IF(A5="","",IF((A5+37)>Model!$B$4,0,MAX(0,Model!$B$6-IF((A5+37)>=Model!$B$11,Model!$B$20,0)-IF(37<Model!$B$15,Model!$B$22,0))/(1-Model!$B$9)/(1+Model!$B$18)^37)) | AZ5: =IF(A5="","",IF((A5+38)>Model!$B$4,0,MAX(0,Model!$B$6-IF((A5+38)>=Model!$B$11,Model!$B$20,0)-IF(38<Model!$B$15,Model!$B$22,0))/(1-Model!$B$9)/(1+Model!$B$18)^38)) | BA5: =IF(A5="","",IF((A5+39)>Model!$B$4,0,MAX(0,Model!$B$6-IF((A5+39)>=Model!$B$11,Model!$B$20,0)-IF(39<Model!$B$15,Model!$B$22,0))/(1-Model!$B$9)/(1+Model!$B$18)^39)) | BB5: =IF(A5="","",IF((A5+40)>Model!$B$4,0,MAX(0,Model!$B$6-IF((A5+40)>=Model!$B$11,Model!$B$20,0)-IF(40<Model!$B$15,Model!$B$22,0))/(1-Model!$B$9)/(1+Model!$B$18)^40)) | BC5: =IF(A5="","",IF((A5+41)>Model!$B$4,0,MAX(0,Model!$B$6-IF((A5+41)>=Model!$B$11,Model!$B$20,0)-IF(41<Model!$B$15,Model!$B$22,0))/(1-Model!$B$9)/(1+Model!$B$18)^41)) | BD5: =IF(A5="","",IF((A5+42)>Model!$B$4,0,MAX(0,Model!$B$6-IF((A5+42)>=Model!$B$11,Model!$B$20,0)-IF(42<Model!$B$15,Model!$B$22,0))/(1-Model!$B$9)/(1+Model!$B$18)^42)) | BE5: =IF(A5="","",IF((A5+43)>Model!$B$4,0,MAX(0,Model!$B$6-IF((A5+43)>=Model!$B$11,Model!$B$20,0)-IF(43<Model!$B$15,Model!$B$22,0))/(1-Model!$B$9)/(1+Model!$B$18)^43)) | BF5: =IF(A5="","",IF((A5+44)>Model!$B$4,0,MAX(0,Model!$B$6-IF((A5+44)>=Model!$B$11,Model!$B$20,0)-IF(44<Model!$B$15,Model!$B$22,0))/(1-Model!$B$9)/(1+Model!$B$18)^44)) | BG5: =IF(A5="","",IF((A5+45)>Model!$B$4,0,MAX(0,Model!$B$6-IF((A5+45)>=Model!$B$11,Model!$B$20,0)-IF(45<Model!$B$15,Model!$B$22,0))/(1-Model!$B$9)/(1+Model!$B$18)^45)) | BH5: =IF(A5="","",IF((A5+46)>Model!$B$4,0,MAX(0,Model!$B$6-IF((A5+46)>=Model!$B$11,Model!$B$20,0)-IF(46<Model!$B$15,Model!$B$22,0))/(1-Model!$B$9)/(1+Model!$B$18)^46)) | BI5: =IF(A5="","",IF((A5+47)>Model!$B$4,0,MAX(0,Model!$B$6-IF((A5+47)>=Model!$B$11,Model!$B$20,0)-IF(47<Model!$B$15,Model!$B$22,0))/(1-Model!$B$9)/(1+Model!$B$18)^47)) | BJ5: =IF(A5="","",IF((A5+48)>Model!$B$4,0,MAX(0,Model!$B$6-IF((A5+48)>=Model!$B$11,Model!$B$20,0)-IF(48<Model!$B$15,Model!$B$22,0))/(1-Model!$B$9)/(1+Model!$B$18)^48)) | BK5: =IF(A5="","",IF((A5+49)>Model!$B$4,0,MAX(0,Model!$B$6-IF((A5+49)>=Model!$B$11,Model!$B$20,0)-IF(49<Model!$B$15,Model!$B$22,0))/(1-Model!$B$9)/(1+Model!$B$18)^49)) | BL5: =IF(A5="","",IF((A5+50)>Model!$B$4,0,MAX(0,Model!$B$6-IF((A5+50)>=Model!$B$11,Model!$B$20,0)-IF(50<Model!$B$15,Model!$B$22,0))/(1-Model!$B$9)/(1+Model!$B$18)^50)) | BM5: =IF(A5="","",IF((A5+51)>Model!$B$4,0,MAX(0,Model!$B$6-IF((A5+51)>=Model!$B$11,Model!$B$20,0)-IF(51<Model!$B$15,Model!$B$22,0))/(1-Model!$B$9)/(1+Model!$B$18)^51)) | BN5: =IF(A5="","",IF((A5+52)>Model!$B$4,0,MAX(0,Model!$B$6-IF((A5+52)>=Model!$B$11,Model!$B$20,0)-IF(52<Model!$B$15,Model!$B$22,0))/(1-Model!$B$9)/(1+Model!$B$18)^52)) | BO5: =IF(A5="","",IF((A5+53)>Model!$B$4,0,MAX(0,Model!$B$6-IF((A5+53)>=Model!$B$11,Model!$B$20,0)-IF(53<Model!$B$15,Model!$B$22,0))/(1-Model!$B$9)/(1+Model!$B$18)^53)) | BP5: =IF(A5="","",IF((A5+54)>Model!$B$4,0,MAX(0,Model!$B$6-IF((A5+54)>=Model!$B$11,Model!$B$20,0)-IF(54<Model!$B$15,Model!$B$22,0))/(1-Model!$B$9)/(1+Model!$B$18)^54)) | BQ5: =IF(A5="","",IF((A5+55)>Model!$B$4,0,MAX(0,Model!$B$6-IF((A5+55)>=Model!$B$11,Model!$B$20,0)-IF(55<Model!$B$15,Model!$B$22,0))/(1-Model!$B$9)/(1+Model!$B$18)^55)) | BR5: =IF(A5="","",IF((A5+56)>Model!$B$4,0,MAX(0,Model!$B$6-IF((A5+56)>=Model!$B$11,Model!$B$20,0)-IF(56<Model!$B$15,Model!$B$22,0))/(1-Model!$B$9)/(1+Model!$B$18)^56)) | BS5: =IF(A5="","",IF((A5+57)>Model!$B$4,0,MAX(0,Model!$B$6-IF((A5+57)>=Model!$B$11,Model!$B$20,0)-IF(57<Model!$B$15,Model!$B$22,0))/(1-Model!$B$9)/(1+Model!$B$18)^57)) | BT5: =IF(A5="","",IF((A5+58)>Model!$B$4,0,MAX(0,Model!$B$6-IF((A5+58)>=Model!$B$11,Model!$B$20,0)-IF(58<Model!$B$15,Model!$B$22,0))/(1-Model!$B$9)/(1+Model!$B$18)^58)) | BU5: =IF(A5="","",IF((A5+59)>Model!$B$4,0,MAX(0,Model!$B$6-IF((A5+59)>=Model!$B$11,Model!$B$20,0)-IF(59<Model!$B$15,Model!$B$22,0))/(1-Model!$B$9)/(1+Model!$B$18)^59)) | BV5: =IF(A5="","",IF((A5+60)>Model!$B$4,0,MAX(0,Model!$B$6-IF((A5+60)>=Model!$B$11,Model!$B$20,0)-IF(60<Model!$B$15,Model!$B$22,0))/(1-Model!$B$9)/(1+Model!$B$18)^60)) | BW5: =IF(A5="","",IF((A5+61)>Model!$B$4,0,MAX(0,Model!$B$6-IF((A5+61)>=Model!$B$11,Model!$B$20,0)-IF(61<Model!$B$15,Model!$B$22,0))/(1-Model!$B$9)/(1+Model!$B$18)^61)) | BX5: =IF(A5="","",IF((A5+62)>Model!$B$4,0,MAX(0,Model!$B$6-IF((A5+62)>=Model!$B$11,Model!$B$20,0)-IF(62<Model!$B$15,Model!$B$22,0))/(1-Model!$B$9)/(1+Model!$B$18)^62)) | BY5: =IF(A5="","",IF((A5+63)>Model!$B$4,0,MAX(0,Model!$B$6-IF((A5+63)>=Model!$B$11,Model!$B$20,0)-IF(63<Model!$B$15,Model!$B$22,0))/(1-Model!$B$9)/(1+Model!$B$18)^63)) | BZ5: =IF(A5="","",IF((A5+64)>Model!$B$4,0,MAX(0,Model!$B$6-IF((A5+64)>=Model!$B$11,Model!$B$20,0)-IF(64<Model!$B$15,Model!$B$22,0))/(1-Model!$B$9)/(1+Model!$B$18)^64)) | CA5: =IF(A5="","",IF((A5+65)>Model!$B$4,0,MAX(0,Model!$B$6-IF((A5+65)>=Model!$B$11,Model!$B$20,0)-IF(65<Model!$B$15,Model!$B$22,0))/(1-Model!$B$9)/(1+Model!$B$18)^65)) | CB5: =IF(A5="","",IF((A5+66)>Model!$B$4,0,MAX(0,Model!$B$6-IF((A5+66)>=Model!$B$11,Model!$B$20,0)-IF(66<Model!$B$15,Model!$B$22,0))/(1-Model!$B$9)/(1+Model!$B$18)^66)) | CC5: =IF(A5="","",IF((A5+67)>Model!$B$4,0,MAX(0,Model!$B$6-IF((A5+67)>=Model!$B$11,Model!$B$20,0)-IF(67<Model!$B$15,Model!$B$22,0))/(1-Model!$B$9)/(1+Model!$B$18)^67)) | CD5: =IF(A5="","",IF((A5+68)>Model!$B$4,0,MAX(0,Model!$B$6-IF((A5+68)>=Model!$B$11,Model!$B$20,0)-IF(68<Model!$B$15,Model!$B$22,0))/(1-Model!$B$9)/(1+Model!$B$18)^68)) | CE5: =IF(A5="","",IF((A5+69)>Model!$B$4,0,MAX(0,Model!$B$6-IF((A5+69)>=Model!$B$11,Model!$B$20,0)-IF(69<Model!$B$15,Model!$B$22,0))/(1-Model!$B$9)/(1+Model!$B$18)^69)) | CF5: =IF(A5="","",IF((A5+70)>Model!$B$4,0,MAX(0,Model!$B$6-IF((A5+70)>=Model!$B$11,Model!$B$20,0)-IF(70<Model!$B$15,Model!$B$22,0))/(1-Model!$B$9)/(1+Model!$B$18)^70)) | CG5: =IF(A5="","",IF((A5+71)>Model!$B$4,0,MAX(0,Model!$B$6-IF((A5+71)>=Model!$B$11,Model!$B$20,0)-IF(71<Model!$B$15,Model!$B$22,0))/(1-Model!$B$9)/(1+Model!$B$18)^71)) | CH5: =IF(A5="","",IF((A5+72)>Model!$B$4,0,MAX(0,Model!$B$6-IF((A5+72)>=Model!$B$11,Model!$B$20,0)-IF(72<Model!$B$15,Model!$B$22,0))/(1-Model!$B$9)/(1+Model!$B$18)^72)) | CI5: =IF(A5="","",IF((A5+73)>Model!$B$4,0,MAX(0,Model!$B$6-IF((A5+73)>=Model!$B$11,Model!$B$20,0)-IF(73<Model!$B$15,Model!$B$22,0))/(1-Model!$B$9)/(1+Model!$B$18)^73)) | CJ5: =IF(A5="","",IF((A5+74)>Model!$B$4,0,MAX(0,Model!$B$6-IF((A5+74)>=Model!$B$11,Model!$B$20,0)-IF(74<Model!$B$15,Model!$B$22,0))/(1-Model!$B$9)/(1+Model!$B$18)^74)) | CK5: =IF(A5="","",IF((A5+75)>Model!$B$4,0,MAX(0,Model!$B$6-IF((A5+75)>=Model!$B$11,Model!$B$20,0)-IF(75<Model!$B$15,Model!$B$22,0))/(1-Model!$B$9)/(1+Model!$B$18)^75)) | CL5: =IF(A5="","",IF((A5+76)>Model!$B$4,0,MAX(0,Model!$B$6-IF((A5+76)>=Model!$B$11,Model!$B$20,0)-IF(76<Model!$B$15,Model!$B$22,0))/(1-Model!$B$9)/(1+Model!$B$18)^76)) | CM5: =IF(A5="","",IF((A5+77)>Model!$B$4,0,MAX(0,Model!$B$6-IF((A5+77)>=Model!$B$11,Model!$B$20,0)-IF(77<Model!$B$15,Model!$B$22,0))/(1-Model!$B$9)/(1+Model!$B$18)^77)) | CN5: =IF(A5="","",IF((A5+78)>Model!$B$4,0,MAX(0,Model!$B$6-IF((A5+78)>=Model!$B$11,Model!$B$20,0)-IF(78<Model!$B$15,Model!$B$22,0))/(1-Model!$B$9)/(1+Model!$B$18)^78)) | CO5: =IF(A5="","",IF((A5+79)>Model!$B$4,0,MAX(0,Model!$B$6-IF((A5+79)>=Model!$B$11,Model!$B$20,0)-IF(79<Model!$B$15,Model!$B$22,0))/(1-Model!$B$9)/(1+Model!$B$18)^79)) | CP5: =IF(A5="","",IF((A5+80)>Model!$B$4,0,MAX(0,Model!$B$6-IF((A5+80)>=Model!$B$11,Model!$B$20,0)-IF(80<Model!$B$15,Model!$B$22,0))/(1-Model!$B$9)/(1+Model!$B$18)^80)) | CQ5: =IF(A5="","",IF((A5+81)>Model!$B$4,0,MAX(0,Model!$B$6-IF((A5+81)>=Model!$B$11,Model!$B$20,0)-IF(81<Model!$B$15,Model!$B$22,0))/(1-Model!$B$9)/(1+Model!$B$18)^81)) | CR5: =IF(A5="","",IF((A5+82)>Model!$B$4,0,MAX(0,Model!$B$6-IF((A5+82)>=Model!$B$11,Model!$B$20,0)-IF(82<Model!$B$15,Model!$B$22,0))/(1-Model!$B$9)/(1+Model!$B$18)^82)) | CS5: =IF(A5="","",IF((A5+83)>Model!$B$4,0,MAX(0,Model!$B$6-IF((A5+83)>=Model!$B$11,Model!$B$20,0)-IF(83<Model!$B$15,Model!$B$22,0))/(1-Model!$B$9)/(1+Model!$B$18)^83)) | CT5: =IF(A5="","",IF((A5+84)>Model!$B$4,0,MAX(0,Model!$B$6-IF((A5+84)>=Model!$B$11,Model!$B$20,0)-IF(84<Model!$B$15,Model!$B$22,0))/(1-Model!$B$9)/(1+Model!$B$18)^84)) | CU5: =IF(A5="","",IF((A5+85)>Model!$B$4,0,MAX(0,Model!$B$6-IF((A5+85)>=Model!$B$11,Model!$B$20,0)-IF(85<Model!$B$15,Model!$B$22,0))/(1-Model!$B$9)/(1+Model!$B$18)^85)) | CV5: =IF(A5="","",IF((A5+86)>Model!$B$4,0,MAX(0,Model!$B$6-IF((A5+86)>=Model!$B$11,Model!$B$20,0)-IF(86<Model!$B$15,Model!$B$22,0))/(1-Model!$B$9)/(1+Model!$B$18)^86)) | CW5: =IF(A5="","",IF((A5+87)>Model!$B$4,0,MAX(0,Model!$B$6-IF((A5+87)>=Model!$B$11,Model!$B$20,0)-IF(87<Model!$B$15,Model!$B$22,0))/(1-Model!$B$9)/(1+Model!$B$18)^87)) | CX5: =IF(A5="","",IF((A5+88)>Model!$B$4,0,MAX(0,Model!$B$6-IF((A5+88)>=Model!$B$11,Model!$B$20,0)-IF(88<Model!$B$15,Model!$B$22,0))/(1-Model!$B$9)/(1+Model!$B$18)^88)) | CY5: =IF(A5="","",IF((A5+89)>Model!$B$4,0,MAX(0,Model!$B$6-IF((A5+89)>=Model!$B$11,Model!$B$20,0)-IF(89<Model!$B$15,Model!$B$22,0))/(1-Model!$B$9)/(1+Model!$B$18)^89)) | CZ5: =IF(A5="","",IF((A5+90)>Model!$B$4,0,MAX(0,Model!$B$6-IF((A5+90)>=Model!$B$11,Model!$B$20,0)-IF(90<Model!$B$15,Model!$B$22,0))/(1-Model!$B$9)/(1+Model!$B$18)^90)) | DA5: =IF(A5="","",IF((A5+91)>Model!$B$4,0,MAX(0,Model!$B$6-IF((A5+91)>=Model!$B$11,Model!$B$20,0)-IF(91<Model!$B$15,Model!$B$22,0))/(1-Model!$B$9)/(1+Model!$B$18)^91)) | DB5: =IF(A5="","",IF((A5+92)>Model!$B$4,0,MAX(0,Model!$B$6-IF((A5+92)>=Model!$B$11,Model!$B$20,0)-IF(92<Model!$B$15,Model!$B$22,0))/(1-Model!$B$9)/(1+Model!$B$18)^92)) | DC5: =IF(A5="","",IF((A5+93)>Model!$B$4,0,MAX(0,Model!$B$6-IF((A5+93)>=Model!$B$11,Model!$B$20,0)-IF(93<Model!$B$15,Model!$B$22,0))/(1-Model!$B$9)/(1+Model!$B$18)^93)) | DD5: =IF(A5="","",IF((A5+94)>Model!$B$4,0,MAX(0,Model!$B$6-IF((A5+94)>=Model!$B$11,Model!$B$20,0)-IF(94<Model!$B$15,Model!$B$22,0))/(1-Model!$B$9)/(1+Model!$B$18)^94)) | DE5: =IF(A5="","",IF((A5+95)>Model!$B$4,0,MAX(0,Model!$B$6-IF((A5+95)>=Model!$B$11,Model!$B$20,0)-IF(95<Model!$B$15,Model!$B$22,0))/(1-Model!$B$9)/(1+Model!$B$18)^95)) | DF5: =IF(A5="","",IF((A5+96)>Model!$B$4,0,MAX(0,Model!$B$6-IF((A5+96)>=Model!$B$11,Model!$B$20,0)-IF(96<Model!$B$15,Model!$B$22,0))/(1-Model!$B$9)/(1+Model!$B$18)^96)) | DG5: =IF(A5="","",IF((A5+97)>Model!$B$4,0,MAX(0,Model!$B$6-IF((A5+97)>=Model!$B$11,Model!$B$20,0)-IF(97<Model!$B$15,Model!$B$22,0))/(1-Model!$B$9)/(1+Model!$B$18)^97)) | DH5: =IF(A5="","",IF((A5+98)>Model!$B$4,0,MAX(0,Model!$B$6-IF((A5+98)>=Model!$B$11,Model!$B$20,0)-IF(98<Model!$B$15,Model!$B$22,0))/(1-Model!$B$9)/(1+Model!$B$18)^98)) | DI5: =IF(A5="","",IF((A5+99)>Model!$B$4,0,MAX(0,Model!$B$6-IF((A5+99)>=Model!$B$11,Model!$B$20,0)-IF(99<Model!$B$15,Model!$B$22,0))/(1-Model!$B$9)/(1+Model!$B$18)^99)) | DJ5: =IF(A5="","",IF((A5+100)>Model!$B$4,0,MAX(0,Model!$B$6-IF((A5+100)>=Model!$B$11,Model!$B$20,0)-IF(100<Model!$B$15,Model!$B$22,0))/(1-Model!$B$9)/(1+Model!$B$18)^100)) | DK5: =IF(A5="","",IF((A5+101)>Model!$B$4,0,MAX(0,Model!$B$6-IF((A5+101)>=Model!$B$11,Model!$B$20,0)-IF(101<Model!$B$15,Model!$B$22,0))/(1-Model!$B$9)/(1+Model!$B$18)^101)) | DL5: =IF(A5="","",IF((A5+102)>Model!$B$4,0,MAX(0,Model!$B$6-IF((A5+102)>=Model!$B$11,Model!$B$20,0)-IF(102<Model!$B$15,Model!$B$22,0))/(1-Model!$B$9)/(1+Model!$B$18)^102)) | DM5: =IF(A5="","",IF((A5+103)>Model!$B$4,0,MAX(0,Model!$B$6-IF((A5+103)>=Model!$B$11,Model!$B$20,0)-IF(103<Model!$B$15,Model!$B$22,0))/(1-Model!$B$9)/(1+Model!$B$18)^103)) | DN5: =IF(A5="","",IF((A5+104)>Model!$B$4,0,MAX(0,Model!$B$6-IF((A5+104)>=Model!$B$11,Model!$B$20,0)-IF(104<Model!$B$15,Model!$B$22,0))/(1-Model!$B$9)/(1+Model!$B$18)^104)) | DO5: =IF(A5="","",IF((A5+105)>Model!$B$4,0,MAX(0,Model!$B$6-IF((A5+105)>=Model!$B$11,Model!$B$20,0)-IF(105<Model!$B$15,Model!$B$22,0))/(1-Model!$B$9)/(1+Model!$B$18)^105)) | DP5: =IF(A5="","",IF((A5+106)>Model!$B$4,0,MAX(0,Model!$B$6-IF((A5+106)>=Model!$B$11,Model!$B$20,0)-IF(106<Model!$B$15,Model!$B$22,0))/(1-Model!$B$9)/(1+Model!$B$18)^106)) | DQ5: =IF(A5="","",IF((A5+107)>Model!$B$4,0,MAX(0,Model!$B$6-IF((A5+107)>=Model!$B$11,Model!$B$20,0)-IF(107<Model!$B$15,Model!$B$22,0))/(1-Model!$B$9)/(1+Model!$B$18)^107)) | DR5: =IF(A5="","",IF((A5+108)>Model!$B$4,0,MAX(0,Model!$B$6-IF((A5+108)>=Model!$B$11,Model!$B$20,0)-IF(108<Model!$B$15,Model!$B$22,0))/(1-Model!$B$9)/(1+Model!$B$18)^108)) | DS5: =IF(A5="","",IF((A5+109)>Model!$B$4,0,MAX(0,Model!$B$6-IF((A5+109)>=Model!$B$11,Model!$B$20,0)-IF(109<Model!$B$15,Model!$B$22,0))/(1-Model!$B$9)/(1+Model!$B$18)^109)) | DT5: =IF(A5="","",IF((A5+110)>Model!$B$4,0,MAX(0,Model!$B$6-IF((A5+110)>=Model!$B$11,Model!$B$20,0)-IF(110<Model!$B$15,Model!$B$22,0))/(1-Model!$B$9)/(1+Model!$B$18)^110)) | DU5: =IF(A5="","",IF((A5+111)>Model!$B$4,0,MAX(0,Model!$B$6-IF((A5+111)>=Model!$B$11,Model!$B$20,0)-IF(111<Model!$B$15,Model!$B$22,0))/(1-Model!$B$9)/(1+Model!$B$18)^111)) | DV5: =IF(A5="","",IF((A5+112)>Model!$B$4,0,MAX(0,Model!$B$6-IF((A5+112)>=Model!$B$11,Model!$B$20,0)-IF(112<Model!$B$15,Model!$B$22,0))/(1-Model!$B$9)/(1+Model!$B$18)^112)) | DW5: =IF(A5="","",IF((A5+113)>Model!$B$4,0,MAX(0,Model!$B$6-IF((A5+113)>=Model!$B$11,Model!$B$20,0)-IF(113<Model!$B$15,Model!$B$22,0))/(1-Model!$B$9)/(1+Model!$B$18)^113)) | DX5: =IF(A5="","",IF((A5+114)>Model!$B$4,0,MAX(0,Model!$B$6-IF((A5+114)>=Model!$B$11,Model!$B$20,0)-IF(114<Model!$B$15,Model!$B$22,0))/(1-Model!$B$9)/(1+Model!$B$18)^114)) | DY5: =IF(A5="","",IF((A5+115)>Model!$B$4,0,MAX(0,Model!$B$6-IF((A5+115)>=Model!$B$11,Model!$B$20,0)-IF(115<Model!$B$15,Model!$B$22,0))/(1-Model!$B$9)/(1+Model!$B$18)^115)) | DZ5: =IF(A5="","",IF((A5+116)>Model!$B$4,0,MAX(0,Model!$B$6-IF((A5+116)>=Model!$B$11,Model!$B$20,0)-IF(116<Model!$B$15,Model!$B$22,0))/(1-Model!$B$9)/(1+Model!$B$18)^116)) | EA5: =IF(A5="","",IF((A5+117)>Model!$B$4,0,MAX(0,Model!$B$6-IF((A5+117)>=Model!$B$11,Model!$B$20,0)-IF(117<Model!$B$15,Model!$B$22,0))/(1-Model!$B$9)/(1+Model!$B$18)^117)) | EB5: =IF(A5="","",IF((A5+118)>Model!$B$4,0,MAX(0,Model!$B$6-IF((A5+118)>=Model!$B$11,Model!$B$20,0)-IF(118<Model!$B$15,Model!$B$22,0))/(1-Model!$B$9)/(1+Model!$B$18)^118)) | EC5: =IF(A5="","",IF((A5+119)>Model!$B$4,0,MAX(0,Model!$B$6-IF((A5+119)>=Model!$B$11,Model!$B$20,0)-IF(119<Model!$B$15,Model!$B$22,0))/(1-Model!$B$9)/(1+Model!$B$18)^119)) | ED5: =IF(A5="","",IF((A5+120)>Model!$B$4,0,MAX(0,Model!$B$6-IF((A5+120)>=Model!$B$11,Model!$B$20,0)-IF(120<Model!$B$15,Model!$B$22,0))/(1-Model!$B$9)/(1+Model!$B$18)^120))
A6: =IF(Model!$B$10+ROW()-2<=Model!$B$4,Model!$B$10+ROW()-2,"") | B6: =IF(A6="","",A6-Model!$B$10) | C6: =IF(A6="","",Model!$B$5*(1+Model!$B$18)^B6) | D6: =IF(A6="","",SUM(N6:ED6)) | E6: =IF(A6="","",IF(A6>=Model!$B$11,Model!$B$20,0)) | F6: =IF(A6="","",IF(Model!$B$15>0,Model!$B$22,0)) | G6: =IF(A6="","",E6+F6) | H6: =IF(A6="","",MAX(0,Model!$B$6-G6)) | I6: =IF(A6="","",H6/(1-Model!$B$9)) | J6: =IF(A6="","",C6-D6) | K6: =IF(A6="","",C6>=D6) | L6: =IF(A6="","",IF(A6>=Model!$B$11,Model!$B$19*(1+Model!$B$13)^B6,0)) | M6: =IF(A6="","",IF(Model!$B$15>0,Model!$B$21*(1+Model!$B$13)^B6,0)) | N6: =IF(A6="","",IF((A6+0)>Model!$B$4,0,MAX(0,Model!$B$6-IF((A6+0)>=Model!$B$11,Model!$B$20,0)-IF(0<Model!$B$15,Model!$B$22,0))/(1-Model!$B$9)/(1+Model!$B$18)^0)) | O6: =IF(A6="","",IF((A6+1)>Model!$B$4,0,MAX(0,Model!$B$6-IF((A6+1)>=Model!$B$11,Model!$B$20,0)-IF(1<Model!$B$15,Model!$B$22,0))/(1-Model!$B$9)/(1+Model!$B$18)^1)) | P6: =IF(A6="","",IF((A6+2)>Model!$B$4,0,MAX(0,Model!$B$6-IF((A6+2)>=Model!$B$11,Model!$B$20,0)-IF(2<Model!$B$15,Model!$B$22,0))/(1-Model!$B$9)/(1+Model!$B$18)^2)) | Q6: =IF(A6="","",IF((A6+3)>Model!$B$4,0,MAX(0,Model!$B$6-IF((A6+3)>=Model!$B$11,Model!$B$20,0)-IF(3<Model!$B$15,Model!$B$22,0))/(1-Model!$B$9)/(1+Model!$B$18)^3)) | R6: =IF(A6="","",IF((A6+4)>Model!$B$4,0,MAX(0,Model!$B$6-IF((A6+4)>=Model!$B$11,Model!$B$20,0)-IF(4<Model!$B$15,Model!$B$22,0))/(1-Model!$B$9)/(1+Model!$B$18)^4)) | S6: =IF(A6="","",IF((A6+5)>Model!$B$4,0,MAX(0,Model!$B$6-IF((A6+5)>=Model!$B$11,Model!$B$20,0)-IF(5<Model!$B$15,Model!$B$22,0))/(1-Model!$B$9)/(1+Model!$B$18)^5)) | T6: =IF(A6="","",IF((A6+6)>Model!$B$4,0,MAX(0,Model!$B$6-IF((A6+6)>=Model!$B$11,Model!$B$20,0)-IF(6<Model!$B$15,Model!$B$22,0))/(1-Model!$B$9)/(1+Model!$B$18)^6)) | U6: =IF(A6="","",IF((A6+7)>Model!$B$4,0,MAX(0,Model!$B$6-IF((A6+7)>=Model!$B$11,Model!$B$20,0)-IF(7<Model!$B$15,Model!$B$22,0))/(1-Model!$B$9)/(1+Model!$B$18)^7)) | V6: =IF(A6="","",IF((A6+8)>Model!$B$4,0,MAX(0,Model!$B$6-IF((A6+8)>=Model!$B$11,Model!$B$20,0)-IF(8<Model!$B$15,Model!$B$22,0))/(1-Model!$B$9)/(1+Model!$B$18)^8)) | W6: =IF(A6="","",IF((A6+9)>Model!$B$4,0,MAX(0,Model!$B$6-IF((A6+9)>=Model!$B$11,Model!$B$20,0)-IF(9<Model!$B$15,Model!$B$22,0))/(1-Model!$B$9)/(1+Model!$B$18)^9)) | X6: =IF(A6="","",IF((A6+10)>Model!$B$4,0,MAX(0,Model!$B$6-IF((A6+10)>=Model!$B$11,Model!$B$20,0)-IF(10<Model!$B$15,Model!$B$22,0))/(1-Model!$B$9)/(1+Model!$B$18)^10)) | Y6: =IF(A6="","",IF((A6+11)>Model!$B$4,0,MAX(0,Model!$B$6-IF((A6+11)>=Model!$B$11,Model!$B$20,0)-IF(11<Model!$B$15,Model!$B$22,0))/(1-Model!$B$9)/(1+Model!$B$18)^11)) | Z6: =IF(A6="","",IF((A6+12)>Model!$B$4,0,MAX(0,Model!$B$6-IF((A6+12)>=Model!$B$11,Model!$B$20,0)-IF(12<Model!$B$15,Model!$B$22,0))/(1-Model!$B$9)/(1+Model!$B$18)^12)) | AA6: =IF(A6="","",IF((A6+13)>Model!$B$4,0,MAX(0,Model!$B$6-IF((A6+13)>=Model!$B$11,Model!$B$20,0)-IF(13<Model!$B$15,Model!$B$22,0))/(1-Model!$B$9)/(1+Model!$B$18)^13)) | AB6: =IF(A6="","",IF((A6+14)>Model!$B$4,0,MAX(0,Model!$B$6-IF((A6+14)>=Model!$B$11,Model!$B$20,0)-IF(14<Model!$B$15,Model!$B$22,0))/(1-Model!$B$9)/(1+Model!$B$18)^14)) | AC6: =IF(A6="","",IF((A6+15)>Model!$B$4,0,MAX(0,Model!$B$6-IF((A6+15)>=Model!$B$11,Model!$B$20,0)-IF(15<Model!$B$15,Model!$B$22,0))/(1-Model!$B$9)/(1+Model!$B$18)^15)) | AD6: =IF(A6="","",IF((A6+16)>Model!$B$4,0,MAX(0,Model!$B$6-IF((A6+16)>=Model!$B$11,Model!$B$20,0)-IF(16<Model!$B$15,Model!$B$22,0))/(1-Model!$B$9)/(1+Model!$B$18)^16)) | AE6: =IF(A6="","",IF((A6+17)>Model!$B$4,0,MAX(0,Model!$B$6-IF((A6+17)>=Model!$B$11,Model!$B$20,0)-IF(17<Model!$B$15,Model!$B$22,0))/(1-Model!$B$9)/(1+Model!$B$18)^17)) | AF6: =IF(A6="","",IF((A6+18)>Model!$B$4,0,MAX(0,Model!$B$6-IF((A6+18)>=Model!$B$11,Model!$B$20,0)-IF(18<Model!$B$15,Model!$B$22,0))/(1-Model!$B$9)/(1+Model!$B$18)^18)) | AG6: =IF(A6="","",IF((A6+19)>Model!$B$4,0,MAX(0,Model!$B$6-IF((A6+19)>=Model!$B$11,Model!$B$20,0)-IF(19<Model!$B$15,Model!$B$22,0))/(1-Model!$B$9)/(1+Model!$B$18)^19)) | AH6: =IF(A6="","",IF((A6+20)>Model!$B$4,0,MAX(0,Model!$B$6-IF((A6+20)>=Model!$B$11,Model!$B$20,0)-IF(20<Model!$B$15,Model!$B$22,0))/(1-Model!$B$9)/(1+Model!$B$18)^20)) | AI6: =IF(A6="","",IF((A6+21)>Model!$B$4,0,MAX(0,Model!$B$6-IF((A6+21)>=Model!$B$11,Model!$B$20,0)-IF(21<Model!$B$15,Model!$B$22,0))/(1-Model!$B$9)/(1+Model!$B$18)^21)) | AJ6: =IF(A6="","",IF((A6+22)>Model!$B$4,0,MAX(0,Model!$B$6-IF((A6+22)>=Model!$B$11,Model!$B$20,0)-IF(22<Model!$B$15,Model!$B$22,0))/(1-Model!$B$9)/(1+Model!$B$18)^22)) | AK6: =IF(A6="","",IF((A6+23)>Model!$B$4,0,MAX(0,Model!$B$6-IF((A6+23)>=Model!$B$11,Model!$B$20,0)-IF(23<Model!$B$15,Model!$B$22,0))/(1-Model!$B$9)/(1+Model!$B$18)^23)) | AL6: =IF(A6="","",IF((A6+24)>Model!$B$4,0,MAX(0,Model!$B$6-IF((A6+24)>=Model!$B$11,Model!$B$20,0)-IF(24<Model!$B$15,Model!$B$22,0))/(1-Model!$B$9)/(1+Model!$B$18)^24)) | AM6: =IF(A6="","",IF((A6+25)>Model!$B$4,0,MAX(0,Model!$B$6-IF((A6+25)>=Model!$B$11,Model!$B$20,0)-IF(25<Model!$B$15,Model!$B$22,0))/(1-Model!$B$9)/(1+Model!$B$18)^25)) | AN6: =IF(A6="","",IF((A6+26)>Model!$B$4,0,MAX(0,Model!$B$6-IF((A6+26)>=Model!$B$11,Model!$B$20,0)-IF(26<Model!$B$15,Model!$B$22,0))/(1-Model!$B$9)/(1+Model!$B$18)^26)) | AO6: =IF(A6="","",IF((A6+27)>Model!$B$4,0,MAX(0,Model!$B$6-IF((A6+27)>=Model!$B$11,Model!$B$20,0)-IF(27<Model!$B$15,Model!$B$22,0))/(1-Model!$B$9)/(1+Model!$B$18)^27)) | AP6: =IF(A6="","",IF((A6+28)>Model!$B$4,0,MAX(0,Model!$B$6-IF((A6+28)>=Model!$B$11,Model!$B$20,0)-IF(28<Model!$B$15,Model!$B$22,0))/(1-Model!$B$9)/(1+Model!$B$18)^28)) | AQ6: =IF(A6="","",IF((A6+29)>Model!$B$4,0,MAX(0,Model!$B$6-IF((A6+29)>=Model!$B$11,Model!$B$20,0)-IF(29<Model!$B$15,Model!$B$22,0))/(1-Model!$B$9)/(1+Model!$B$18)^29)) | AR6: =IF(A6="","",IF((A6+30)>Model!$B$4,0,MAX(0,Model!$B$6-IF((A6+30)>=Model!$B$11,Model!$B$20,0)-IF(30<Model!$B$15,Model!$B$22,0))/(1-Model!$B$9)/(1+Model!$B$18)^30)) | AS6: =IF(A6="","",IF((A6+31)>Model!$B$4,0,MAX(0,Model!$B$6-IF((A6+31)>=Model!$B$11,Model!$B$20,0)-IF(31<Model!$B$15,Model!$B$22,0))/(1-Model!$B$9)/(1+Model!$B$18)^31)) | AT6: =IF(A6="","",IF((A6+32)>Model!$B$4,0,MAX(0,Model!$B$6-IF((A6+32)>=Model!$B$11,Model!$B$20,0)-IF(32<Model!$B$15,Model!$B$22,0))/(1-Model!$B$9)/(1+Model!$B$18)^32)) | AU6: =IF(A6="","",IF((A6+33)>Model!$B$4,0,MAX(0,Model!$B$6-IF((A6+33)>=Model!$B$11,Model!$B$20,0)-IF(33<Model!$B$15,Model!$B$22,0))/(1-Model!$B$9)/(1+Model!$B$18)^33)) | AV6: =IF(A6="","",IF((A6+34)>Model!$B$4,0,MAX(0,Model!$B$6-IF((A6+34)>=Model!$B$11,Model!$B$20,0)-IF(34<Model!$B$15,Model!$B$22,0))/(1-Model!$B$9)/(1+Model!$B$18)^34)) | AW6: =IF(A6="","",IF((A6+35)>Model!$B$4,0,MAX(0,Model!$B$6-IF((A6+35)>=Model!$B$11,Model!$B$20,0)-IF(35<Model!$B$15,Model!$B$22,0))/(1-Model!$B$9)/(1+Model!$B$18)^35)) | AX6: =IF(A6="","",IF((A6+36)>Model!$B$4,0,MAX(0,Model!$B$6-IF((A6+36)>=Model!$B$11,Model!$B$20,0)-IF(36<Model!$B$15,Model!$B$22,0))/(1-Model!$B$9)/(1+Model!$B$18)^36)) | AY6: =IF(A6="","",IF((A6+37)>Model!$B$4,0,MAX(0,Model!$B$6-IF((A6+37)>=Model!$B$11,Model!$B$20,0)-IF(37<Model!$B$15,Model!$B$22,0))/(1-Model!$B$9)/(1+Model!$B$18)^37)) | AZ6: =IF(A6="","",IF((A6+38)>Model!$B$4,0,MAX(0,Model!$B$6-IF((A6+38)>=Model!$B$11,Model!$B$20,0)-IF(38<Model!$B$15,Model!$B$22,0))/(1-Model!$B$9)/(1+Model!$B$18)^38)) | BA6: =IF(A6="","",IF((A6+39)>Model!$B$4,0,MAX(0,Model!$B$6-IF((A6+39)>=Model!$B$11,Model!$B$20,0)-IF(39<Model!$B$15,Model!$B$22,0))/(1-Model!$B$9)/(1+Model!$B$18)^39)) | BB6: =IF(A6="","",IF((A6+40)>Model!$B$4,0,MAX(0,Model!$B$6-IF((A6+40)>=Model!$B$11,Model!$B$20,0)-IF(40<Model!$B$15,Model!$B$22,0))/(1-Model!$B$9)/(1+Model!$B$18)^40)) | BC6: =IF(A6="","",IF((A6+41)>Model!$B$4,0,MAX(0,Model!$B$6-IF((A6+41)>=Model!$B$11,Model!$B$20,0)-IF(41<Model!$B$15,Model!$B$22,0))/(1-Model!$B$9)/(1+Model!$B$18)^41)) | BD6: =IF(A6="","",IF((A6+42)>Model!$B$4,0,MAX(0,Model!$B$6-IF((A6+42)>=Model!$B$11,Model!$B$20,0)-IF(42<Model!$B$15,Model!$B$22,0))/(1-Model!$B$9)/(1+Model!$B$18)^42)) | BE6: =IF(A6="","",IF((A6+43)>Model!$B$4,0,MAX(0,Model!$B$6-IF((A6+43)>=Model!$B$11,Model!$B$20,0)-IF(43<Model!$B$15,Model!$B$22,0))/(1-Model!$B$9)/(1+Model!$B$18)^43)) | BF6: =IF(A6="","",IF((A6+44)>Model!$B$4,0,MAX(0,Model!$B$6-IF((A6+44)>=Model!$B$11,Model!$B$20,0)-IF(44<Model!$B$15,Model!$B$22,0))/(1-Model!$B$9)/(1+Model!$B$18)^44)) | BG6: =IF(A6="","",IF((A6+45)>Model!$B$4,0,MAX(0,Model!$B$6-IF((A6+45)>=Model!$B$11,Model!$B$20,0)-IF(45<Model!$B$15,Model!$B$22,0))/(1-Model!$B$9)/(1+Model!$B$18)^45)) | BH6: =IF(A6="","",IF((A6+46)>Model!$B$4,0,MAX(0,Model!$B$6-IF((A6+46)>=Model!$B$11,Model!$B$20,0)-IF(46<Model!$B$15,Model!$B$22,0))/(1-Model!$B$9)/(1+Model!$B$18)^46)) | BI6: =IF(A6="","",IF((A6+47)>Model!$B$4,0,MAX(0,Model!$B$6-IF((A6+47)>=Model!$B$11,Model!$B$20,0)-IF(47<Model!$B$15,Model!$B$22,0))/(1-Model!$B$9)/(1+Model!$B$18)^47)) | BJ6: =IF(A6="","",IF((A6+48)>Model!$B$4,0,MAX(0,Model!$B$6-IF((A6+48)>=Model!$B$11,Model!$B$20,0)-IF(48<Model!$B$15,Model!$B$22,0))/(1-Model!$B$9)/(1+Model!$B$18)^48)) | BK6: =IF(A6="","",IF((A6+49)>Model!$B$4,0,MAX(0,Model!$B$6-IF((A6+49)>=Model!$B$11,Model!$B$20,0)-IF(49<Model!$B$15,Model!$B$22,0))/(1-Model!$B$9)/(1+Model!$B$18)^49)) | BL6: =IF(A6="","",IF((A6+50)>Model!$B$4,0,MAX(0,Model!$B$6-IF((A6+50)>=Model!$B$11,Model!$B$20,0)-IF(50<Model!$B$15,Model!$B$22,0))/(1-Model!$B$9)/(1+Model!$B$18)^50)) | BM6: =IF(A6="","",IF((A6+51)>Model!$B$4,0,MAX(0,Model!$B$6-IF((A6+51)>=Model!$B$11,Model!$B$20,0)-IF(51<Model!$B$15,Model!$B$22,0))/(1-Model!$B$9)/(1+Model!$B$18)^51)) | BN6: =IF(A6="","",IF((A6+52)>Model!$B$4,0,MAX(0,Model!$B$6-IF((A6+52)>=Model!$B$11,Model!$B$20,0)-IF(52<Model!$B$15,Model!$B$22,0))/(1-Model!$B$9)/(1+Model!$B$18)^52)) | BO6: =IF(A6="","",IF((A6+53)>Model!$B$4,0,MAX(0,Model!$B$6-IF((A6+53)>=Model!$B$11,Model!$B$20,0)-IF(53<Model!$B$15,Model!$B$22,0))/(1-Model!$B$9)/(1+Model!$B$18)^53)) | BP6: =IF(A6="","",IF((A6+54)>Model!$B$4,0,MAX(0,Model!$B$6-IF((A6+54)>=Model!$B$11,Model!$B$20,0)-IF(54<Model!$B$15,Model!$B$22,0))/(1-Model!$B$9)/(1+Model!$B$18)^54)) | BQ6: =IF(A6="","",IF((A6+55)>Model!$B$4,0,MAX(0,Model!$B$6-IF((A6+55)>=Model!$B$11,Model!$B$20,0)-IF(55<Model!$B$15,Model!$B$22,0))/(1-Model!$B$9)/(1+Model!$B$18)^55)) | BR6: =IF(A6="","",IF((A6+56)>Model!$B$4,0,MAX(0,Model!$B$6-IF((A6+56)>=Model!$B$11,Model!$B$20,0)-IF(56<Model!$B$15,Model!$B$22,0))/(1-Model!$B$9)/(1+Model!$B$18)^56)) | BS6: =IF(A6="","",IF((A6+57)>Model!$B$4,0,MAX(0,Model!$B$6-IF((A6+57)>=Model!$B$11,Model!$B$20,0)-IF(57<Model!$B$15,Model!$B$22,0))/(1-Model!$B$9)/(1+Model!$B$18)^57)) | BT6: =IF(A6="","",IF((A6+58)>Model!$B$4,0,MAX(0,Model!$B$6-IF((A6+58)>=Model!$B$11,Model!$B$20,0)-IF(58<Model!$B$15,Model!$B$22,0))/(1-Model!$B$9)/(1+Model!$B$18)^58)) | BU6: =IF(A6="","",IF((A6+59)>Model!$B$4,0,MAX(0,Model!$B$6-IF((A6+59)>=Model!$B$11,Model!$B$20,0)-IF(59<Model!$B$15,Model!$B$22,0))/(1-Model!$B$9)/(1+Model!$B$18)^59)) | BV6: =IF(A6="","",IF((A6+60)>Model!$B$4,0,MAX(0,Model!$B$6-IF((A6+60)>=Model!$B$11,Model!$B$20,0)-IF(60<Model!$B$15,Model!$B$22,0))/(1-Model!$B$9)/(1+Model!$B$18)^60)) | BW6: =IF(A6="","",IF((A6+61)>Model!$B$4,0,MAX(0,Model!$B$6-IF((A6+61)>=Model!$B$11,Model!$B$20,0)-IF(61<Model!$B$15,Model!$B$22,0))/(1-Model!$B$9)/(1+Model!$B$18)^61)) | BX6: =IF(A6="","",IF((A6+62)>Model!$B$4,0,MAX(0,Model!$B$6-IF((A6+62)>=Model!$B$11,Model!$B$20,0)-IF(62<Model!$B$15,Model!$B$22,0))/(1-Model!$B$9)/(1+Model!$B$18)^62)) | BY6: =IF(A6="","",IF((A6+63)>Model!$B$4,0,MAX(0,Model!$B$6-IF((A6+63)>=Model!$B$11,Model!$B$20,0)-IF(63<Model!$B$15,Model!$B$22,0))/(1-Model!$B$9)/(1+Model!$B$18)^63)) | BZ6: =IF(A6="","",IF((A6+64)>Model!$B$4,0,MAX(0,Model!$B$6-IF((A6+64)>=Model!$B$11,Model!$B$20,0)-IF(64<Model!$B$15,Model!$B$22,0))/(1-Model!$B$9)/(1+Model!$B$18)^64)) | CA6: =IF(A6="","",IF((A6+65)>Model!$B$4,0,MAX(0,Model!$B$6-IF((A6+65)>=Model!$B$11,Model!$B$20,0)-IF(65<Model!$B$15,Model!$B$22,0))/(1-Model!$B$9)/(1+Model!$B$18)^65)) | CB6: =IF(A6="","",IF((A6+66)>Model!$B$4,0,MAX(0,Model!$B$6-IF((A6+66)>=Model!$B$11,Model!$B$20,0)-IF(66<Model!$B$15,Model!$B$22,0))/(1-Model!$B$9)/(1+Model!$B$18)^66)) | CC6: =IF(A6="","",IF((A6+67)>Model!$B$4,0,MAX(0,Model!$B$6-IF((A6+67)>=Model!$B$11,Model!$B$20,0)-IF(67<Model!$B$15,Model!$B$22,0))/(1-Model!$B$9)/(1+Model!$B$18)^67)) | CD6: =IF(A6="","",IF((A6+68)>Model!$B$4,0,MAX(0,Model!$B$6-IF((A6+68)>=Model!$B$11,Model!$B$20,0)-IF(68<Model!$B$15,Model!$B$22,0))/(1-Model!$B$9)/(1+Model!$B$18)^68)) | CE6: =IF(A6="","",IF((A6+69)>Model!$B$4,0,MAX(0,Model!$B$6-IF((A6+69)>=Model!$B$11,Model!$B$20,0)-IF(69<Model!$B$15,Model!$B$22,0))/(1-Model!$B$9)/(1+Model!$B$18)^69)) | CF6: =IF(A6="","",IF((A6+70)>Model!$B$4,0,MAX(0,Model!$B$6-IF((A6+70)>=Model!$B$11,Model!$B$20,0)-IF(70<Model!$B$15,Model!$B$22,0))/(1-Model!$B$9)/(1+Model!$B$18)^70)) | CG6: =IF(A6="","",IF((A6+71)>Model!$B$4,0,MAX(0,Model!$B$6-IF((A6+71)>=Model!$B$11,Model!$B$20,0)-IF(71<Model!$B$15,Model!$B$22,0))/(1-Model!$B$9)/(1+Model!$B$18)^71)) | CH6: =IF(A6="","",IF((A6+72)>Model!$B$4,0,MAX(0,Model!$B$6-IF((A6+72)>=Model!$B$11,Model!$B$20,0)-IF(72<Model!$B$15,Model!$B$22,0))/(1-Model!$B$9)/(1+Model!$B$18)^72)) | CI6: =IF(A6="","",IF((A6+73)>Model!$B$4,0,MAX(0,Model!$B$6-IF((A6+73)>=Model!$B$11,Model!$B$20,0)-IF(73<Model!$B$15,Model!$B$22,0))/(1-Model!$B$9)/(1+Model!$B$18)^73)) | CJ6: =IF(A6="","",IF((A6+74)>Model!$B$4,0,MAX(0,Model!$B$6-IF((A6+74)>=Model!$B$11,Model!$B$20,0)-IF(74<Model!$B$15,Model!$B$22,0))/(1-Model!$B$9)/(1+Model!$B$18)^74)) | CK6: =IF(A6="","",IF((A6+75)>Model!$B$4,0,MAX(0,Model!$B$6-IF((A6+75)>=Model!$B$11,Model!$B$20,0)-IF(75<Model!$B$15,Model!$B$22,0))/(1-Model!$B$9)/(1+Model!$B$18)^75)) | CL6: =IF(A6="","",IF((A6+76)>Model!$B$4,0,MAX(0,Model!$B$6-IF((A6+76)>=Model!$B$11,Model!$B$20,0)-IF(76<Model!$B$15,Model!$B$22,0))/(1-Model!$B$9)/(1+Model!$B$18)^76)) | CM6: =IF(A6="","",IF((A6+77)>Model!$B$4,0,MAX(0,Model!$B$6-IF((A6+77)>=Model!$B$11,Model!$B$20,0)-IF(77<Model!$B$15,Model!$B$22,0))/(1-Model!$B$9)/(1+Model!$B$18)^77)) | CN6: =IF(A6="","",IF((A6+78)>Model!$B$4,0,MAX(0,Model!$B$6-IF((A6+78)>=Model!$B$11,Model!$B$20,0)-IF(78<Model!$B$15,Model!$B$22,0))/(1-Model!$B$9)/(1+Model!$B$18)^78)) | CO6: =IF(A6="","",IF((A6+79)>Model!$B$4,0,MAX(0,Model!$B$6-IF((A6+79)>=Model!$B$11,Model!$B$20,0)-IF(79<Model!$B$15,Model!$B$22,0))/(1-Model!$B$9)/(1+Model!$B$18)^79)) | CP6: =IF(A6="","",IF((A6+80)>Model!$B$4,0,MAX(0,Model!$B$6-IF((A6+80)>=Model!$B$11,Model!$B$20,0)-IF(80<Model!$B$15,Model!$B$22,0))/(1-Model!$B$9)/(1+Model!$B$18)^80)) | CQ6: =IF(A6="","",IF((A6+81)>Model!$B$4,0,MAX(0,Model!$B$6-IF((A6+81)>=Model!$B$11,Model!$B$20,0)-IF(81<Model!$B$15,Model!$B$22,0))/(1-Model!$B$9)/(1+Model!$B$18)^81)) | CR6: =IF(A6="","",IF((A6+82)>Model!$B$4,0,MAX(0,Model!$B$6-IF((A6+82)>=Model!$B$11,Model!$B$20,0)-IF(82<Model!$B$15,Model!$B$22,0))/(1-Model!$B$9)/(1+Model!$B$18)^82)) | CS6: =IF(A6="","",IF((A6+83)>Model!$B$4,0,MAX(0,Model!$B$6-IF((A6+83)>=Model!$B$11,Model!$B$20,0)-IF(83<Model!$B$15,Model!$B$22,0))/(1-Model!$B$9)/(1+Model!$B$18)^83)) | CT6: =IF(A6="","",IF((A6+84)>Model!$B$4,0,MAX(0,Model!$B$6-IF((A6+84)>=Model!$B$11,Model!$B$20,0)-IF(84<Model!$B$15,Model!$B$22,0))/(1-Model!$B$9)/(1+Model!$B$18)^84)) | CU6: =IF(A6="","",IF((A6+85)>Model!$B$4,0,MAX(0,Model!$B$6-IF((A6+85)>=Model!$B$11,Model!$B$20,0)-IF(85<Model!$B$15,Model!$B$22,0))/(1-Model!$B$9)/(1+Model!$B$18)^85)) | CV6: =IF(A6="","",IF((A6+86)>Model!$B$4,0,MAX(0,Model!$B$6-IF((A6+86)>=Model!$B$11,Model!$B$20,0)-IF(86<Model!$B$15,Model!$B$22,0))/(1-Model!$B$9)/(1+Model!$B$18)^86)) | CW6: =IF(A6="","",IF((A6+87)>Model!$B$4,0,MAX(0,Model!$B$6-IF((A6+87)>=Model!$B$11,Model!$B$20,0)-IF(87<Model!$B$15,Model!$B$22,0))/(1-Model!$B$9)/(1+Model!$B$18)^87)) | CX6: =IF(A6="","",IF((A6+88)>Model!$B$4,0,MAX(0,Model!$B$6-IF((A6+88)>=Model!$B$11,Model!$B$20,0)-IF(88<Model!$B$15,Model!$B$22,0))/(1-Model!$B$9)/(1+Model!$B$18)^88)) | CY6: =IF(A6="","",IF((A6+89)>Model!$B$4,0,MAX(0,Model!$B$6-IF((A6+89)>=Model!$B$11,Model!$B$20,0)-IF(89<Model!$B$15,Model!$B$22,0))/(1-Model!$B$9)/(1+Model!$B$18)^89)) | CZ6: =IF(A6="","",IF((A6+90)>Model!$B$4,0,MAX(0,Model!$B$6-IF((A6+90)>=Model!$B$11,Model!$B$20,0)-IF(90<Model!$B$15,Model!$B$22,0))/(1-Model!$B$9)/(1+Model!$B$18)^90)) | DA6: =IF(A6="","",IF((A6+91)>Model!$B$4,0,MAX(0,Model!$B$6-IF((A6+91)>=Model!$B$11,Model!$B$20,0)-IF(91<Model!$B$15,Model!$B$22,0))/(1-Model!$B$9)/(1+Model!$B$18)^91)) | DB6: =IF(A6="","",IF((A6+92)>Model!$B$4,0,MAX(0,Model!$B$6-IF((A6+92)>=Model!$B$11,Model!$B$20,0)-IF(92<Model!$B$15,Model!$B$22,0))/(1-Model!$B$9)/(1+Model!$B$18)^92)) | DC6: =IF(A6="","",IF((A6+93)>Model!$B$4,0,MAX(0,Model!$B$6-IF((A6+93)>=Model!$B$11,Model!$B$20,0)-IF(93<Model!$B$15,Model!$B$22,0))/(1-Model!$B$9)/(1+Model!$B$18)^93)) | DD6: =IF(A6="","",IF((A6+94)>Model!$B$4,0,MAX(0,Model!$B$6-IF((A6+94)>=Model!$B$11,Model!$B$20,0)-IF(94<Model!$B$15,Model!$B$22,0))/(1-Model!$B$9)/(1+Model!$B$18)^94)) | DE6: =IF(A6="","",IF((A6+95)>Model!$B$4,0,MAX(0,Model!$B$6-IF((A6+95)>=Model!$B$11,Model!$B$20,0)-IF(95<Model!$B$15,Model!$B$22,0))/(1-Model!$B$9)/(1+Model!$B$18)^95)) | DF6: =IF(A6="","",IF((A6+96)>Model!$B$4,0,MAX(0,Model!$B$6-IF((A6+96)>=Model!$B$11,Model!$B$20,0)-IF(96<Model!$B$15,Model!$B$22,0))/(1-Model!$B$9)/(1+Model!$B$18)^96)) | DG6: =IF(A6="","",IF((A6+97)>Model!$B$4,0,MAX(0,Model!$B$6-IF((A6+97)>=Model!$B$11,Model!$B$20,0)-IF(97<Model!$B$15,Model!$B$22,0))/(1-Model!$B$9)/(1+Model!$B$18)^97)) | DH6: =IF(A6="","",IF((A6+98)>Model!$B$4,0,MAX(0,Model!$B$6-IF((A6+98)>=Model!$B$11,Model!$B$20,0)-IF(98<Model!$B$15,Model!$B$22,0))/(1-Model!$B$9)/(1+Model!$B$18)^98)) | DI6: =IF(A6="","",IF((A6+99)>Model!$B$4,0,MAX(0,Model!$B$6-IF((A6+99)>=Model!$B$11,Model!$B$20,0)-IF(99<Model!$B$15,Model!$B$22,0))/(1-Model!$B$9)/(1+Model!$B$18)^99)) | DJ6: =IF(A6="","",IF((A6+100)>Model!$B$4,0,MAX(0,Model!$B$6-IF((A6+100)>=Model!$B$11,Model!$B$20,0)-IF(100<Model!$B$15,Model!$B$22,0))/(1-Model!$B$9)/(1+Model!$B$18)^100)) | DK6: =IF(A6="","",IF((A6+101)>Model!$B$4,0,MAX(0,Model!$B$6-IF((A6+101)>=Model!$B$11,Model!$B$20,0)-IF(101<Model!$B$15,Model!$B$22,0))/(1-Model!$B$9)/(1+Model!$B$18)^101)) | DL6: =IF(A6="","",IF((A6+102)>Model!$B$4,0,MAX(0,Model!$B$6-IF((A6+102)>=Model!$B$11,Model!$B$20,0)-IF(102<Model!$B$15,Model!$B$22,0))/(1-Model!$B$9)/(1+Model!$B$18)^102)) | DM6: =IF(A6="","",IF((A6+103)>Model!$B$4,0,MAX(0,Model!$B$6-IF((A6+103)>=Model!$B$11,Model!$B$20,0)-IF(103<Model!$B$15,Model!$B$22,0))/(1-Model!$B$9)/(1+Model!$B$18)^103)) | DN6: =IF(A6="","",IF((A6+104)>Model!$B$4,0,MAX(0,Model!$B$6-IF((A6+104)>=Model!$B$11,Model!$B$20,0)-IF(104<Model!$B$15,Model!$B$22,0))/(1-Model!$B$9)/(1+Model!$B$18)^104)) | DO6: =IF(A6="","",IF((A6+105)>Model!$B$4,0,MAX(0,Model!$B$6-IF((A6+105)>=Model!$B$11,Model!$B$20,0)-IF(105<Model!$B$15,Model!$B$22,0))/(1-Model!$B$9)/(1+Model!$B$18)^105)) | DP6: =IF(A6="","",IF((A6+106)>Model!$B$4,0,MAX(0,Model!$B$6-IF((A6+106)>=Model!$B$11,Model!$B$20,0)-IF(106<Model!$B$15,Model!$B$22,0))/(1-Model!$B$9)/(1+Model!$B$18)^106)) | DQ6: =IF(A6="","",IF((A6+107)>Model!$B$4,0,MAX(0,Model!$B$6-IF((A6+107)>=Model!$B$11,Model!$B$20,0)-IF(107<Model!$B$15,Model!$B$22,0))/(1-Model!$B$9)/(1+Model!$B$18)^107)) | DR6: =IF(A6="","",IF((A6+108)>Model!$B$4,0,MAX(0,Model!$B$6-IF((A6+108)>=Model!$B$11,Model!$B$20,0)-IF(108<Model!$B$15,Model!$B$22,0))/(1-Model!$B$9)/(1+Model!$B$18)^108)) | DS6: =IF(A6="","",IF((A6+109)>Model!$B$4,0,MAX(0,Model!$B$6-IF((A6+109)>=Model!$B$11,Model!$B$20,0)-IF(109<Model!$B$15,Model!$B$22,0))/(1-Model!$B$9)/(1+Model!$B$18)^109)) | DT6: =IF(A6="","",IF((A6+110)>Model!$B$4,0,MAX(0,Model!$B$6-IF((A6+110)>=Model!$B$11,Model!$B$20,0)-IF(110<Model!$B$15,Model!$B$22,0))/(1-Model!$B$9)/(1+Model!$B$18)^110)) | DU6: =IF(A6="","",IF((A6+111)>Model!$B$4,0,MAX(0,Model!$B$6-IF((A6+111)>=Model!$B$11,Model!$B$20,0)-IF(111<Model!$B$15,Model!$B$22,0))/(1-Model!$B$9)/(1+Model!$B$18)^111)) | DV6: =IF(A6="","",IF((A6+112)>Model!$B$4,0,MAX(0,Model!$B$6-IF((A6+112)>=Model!$B$11,Model!$B$20,0)-IF(112<Model!$B$15,Model!$B$22,0))/(1-Model!$B$9)/(1+Model!$B$18)^112)) | DW6: =IF(A6="","",IF((A6+113)>Model!$B$4,0,MAX(0,Model!$B$6-IF((A6+113)>=Model!$B$11,Model!$B$20,0)-IF(113<Model!$B$15,Model!$B$22,0))/(1-Model!$B$9)/(1+Model!$B$18)^113)) | DX6: =IF(A6="","",IF((A6+114)>Model!$B$4,0,MAX(0,Model!$B$6-IF((A6+114)>=Model!$B$11,Model!$B$20,0)-IF(114<Model!$B$15,Model!$B$22,0))/(1-Model!$B$9)/(1+Model!$B$18)^114)) | DY6: =IF(A6="","",IF((A6+115)>Model!$B$4,0,MAX(0,Model!$B$6-IF((A6+115)>=Model!$B$11,Model!$B$20,0)-IF(115<Model!$B$15,Model!$B$22,0))/(1-Model!$B$9)/(1+Model!$B$18)^115)) | DZ6: =IF(A6="","",IF((A6+116)>Model!$B$4,0,MAX(0,Model!$B$6-IF((A6+116)>=Model!$B$11,Model!$B$20,0)-IF(116<Model!$B$15,Model!$B$22,0))/(1-Model!$B$9)/(1+Model!$B$18)^116)) | EA6: =IF(A6="","",IF((A6+117)>Model!$B$4,0,MAX(0,Model!$B$6-IF((A6+117)>=Model!$B$11,Model!$B$20,0)-IF(117<Model!$B$15,Model!$B$22,0))/(1-Model!$B$9)/(1+Model!$B$18)^117)) | EB6: =IF(A6="","",IF((A6+118)>Model!$B$4,0,MAX(0,Model!$B$6-IF((A6+118)>=Model!$B$11,Model!$B$20,0)-IF(118<Model!$B$15,Model!$B$22,0))/(1-Model!$B$9)/(1+Model!$B$18)^118)) | EC6: =IF(A6="","",IF((A6+119)>Model!$B$4,0,MAX(0,Model!$B$6-IF((A6+119)>=Model!$B$11,Model!$B$20,0)-IF(119<Model!$B$15,Model!$B$22,0))/(1-Model!$B$9)/(1+Model!$B$18)^119)) | ED6: =IF(A6="","",IF((A6+120)>Model!$B$4,0,MAX(0,Model!$B$6-IF((A6+120)>=Model!$B$11,Model!$B$20,0)-IF(120<Model!$B$15,Model!$B$22,0))/(1-Model!$B$9)/(1+Model!$B$18)^120))
A7: =IF(Model!$B$10+ROW()-2<=Model!$B$4,Model!$B$10+ROW()-2,"") | B7: =IF(A7="","",A7-Model!$B$10) | C7: =IF(A7="","",Model!$B$5*(1+Model!$B$18)^B7) | D7: =IF(A7="","",SUM(N7:ED7)) | E7: =IF(A7="","",IF(A7>=Model!$B$11,Model!$B$20,0)) | F7: =IF(A7="","",IF(Model!$B$15>0,Model!$B$22,0)) | G7: =IF(A7="","",E7+F7) | H7: =IF(A7="","",MAX(0,Model!$B$6-G7)) | I7: =IF(A7="","",H7/(1-Model!$B$9)) | J7: =IF(A7="","",C7-D7) | K7: =IF(A7="","",C7>=D7) | L7: =IF(A7="","",IF(A7>=Model!$B$11,Model!$B$19*(1+Model!$B$13)^B7,0)) | M7: =IF(A7="","",IF(Model!$B$15>0,Model!$B$21*(1+Model!$B$13)^B7,0)) | N7: =IF(A7="","",IF((A7+0)>Model!$B$4,0,MAX(0,Model!$B$6-IF((A7+0)>=Model!$B$11,Model!$B$20,0)-IF(0<Model!$B$15,Model!$B$22,0))/(1-Model!$B$9)/(1+Model!$B$18)^0)) | O7: =IF(A7="","",IF((A7+1)>Model!$B$4,0,MAX(0,Model!$B$6-IF((A7+1)>=Model!$B$11,Model!$B$20,0)-IF(1<Model!$B$15,Model!$B$22,0))/(1-Model!$B$9)/(1+Model!$B$18)^1)) | P7: =IF(A7="","",IF((A7+2)>Model!$B$4,0,MAX(0,Model!$B$6-IF((A7+2)>=Model!$B$11,Model!$B$20,0)-IF(2<Model!$B$15,Model!$B$22,0))/(1-Model!$B$9)/(1+Model!$B$18)^2)) | Q7: =IF(A7="","",IF((A7+3)>Model!$B$4,0,MAX(0,Model!$B$6-IF((A7+3)>=Model!$B$11,Model!$B$20,0)-IF(3<Model!$B$15,Model!$B$22,0))/(1-Model!$B$9)/(1+Model!$B$18)^3)) | R7: =IF(A7="","",IF((A7+4)>Model!$B$4,0,MAX(0,Model!$B$6-IF((A7+4)>=Model!$B$11,Model!$B$20,0)-IF(4<Model!$B$15,Model!$B$22,0))/(1-Model!$B$9)/(1+Model!$B$18)^4)) | S7: =IF(A7="","",IF((A7+5)>Model!$B$4,0,MAX(0,Model!$B$6-IF((A7+5)>=Model!$B$11,Model!$B$20,0)-IF(5<Model!$B$15,Model!$B$22,0))/(1-Model!$B$9)/(1+Model!$B$18)^5)) | T7: =IF(A7="","",IF((A7+6)>Model!$B$4,0,MAX(0,Model!$B$6-IF((A7+6)>=Model!$B$11,Model!$B$20,0)-IF(6<Model!$B$15,Model!$B$22,0))/(1-Model!$B$9)/(1+Model!$B$18)^6)) | U7: =IF(A7="","",IF((A7+7)>Model!$B$4,0,MAX(0,Model!$B$6-IF((A7+7)>=Model!$B$11,Model!$B$20,0)-IF(7<Model!$B$15,Model!$B$22,0))/(1-Model!$B$9)/(1+Model!$B$18)^7)) | V7: =IF(A7="","",IF((A7+8)>Model!$B$4,0,MAX(0,Model!$B$6-IF((A7+8)>=Model!$B$11,Model!$B$20,0)-IF(8<Model!$B$15,Model!$B$22,0))/(1-Model!$B$9)/(1+Model!$B$18)^8)) | W7: =IF(A7="","",IF((A7+9)>Model!$B$4,0,MAX(0,Model!$B$6-IF((A7+9)>=Model!$B$11,Model!$B$20,0)-IF(9<Model!$B$15,Model!$B$22,0))/(1-Model!$B$9)/(1+Model!$B$18)^9)) | X7: =IF(A7="","",IF((A7+10)>Model!$B$4,0,MAX(0,Model!$B$6-IF((A7+10)>=Model!$B$11,Model!$B$20,0)-IF(10<Model!$B$15,Model!$B$22,0))/(1-Model!$B$9)/(1+Model!$B$18)^10)) | Y7: =IF(A7="","",IF((A7+11)>Model!$B$4,0,MAX(0,Model!$B$6-IF((A7+11)>=Model!$B$11,Model!$B$20,0)-IF(11<Model!$B$15,Model!$B$22,0))/(1-Model!$B$9)/(1+Model!$B$18)^11)) | Z7: =IF(A7="","",IF((A7+12)>Model!$B$4,0,MAX(0,Model!$B$6-IF((A7+12)>=Model!$B$11,Model!$B$20,0)-IF(12<Model!$B$15,Model!$B$22,0))/(1-Model!$B$9)/(1+Model!$B$18)^12)) | AA7: =IF(A7="","",IF((A7+13)>Model!$B$4,0,MAX(0,Model!$B$6-IF((A7+13)>=Model!$B$11,Model!$B$20,0)-IF(13<Model!$B$15,Model!$B$22,0))/(1-Model!$B$9)/(1+Model!$B$18)^13)) | AB7: =IF(A7="","",IF((A7+14)>Model!$B$4,0,MAX(0,Model!$B$6-IF((A7+14)>=Model!$B$11,Model!$B$20,0)-IF(14<Model!$B$15,Model!$B$22,0))/(1-Model!$B$9)/(1+Model!$B$18)^14)) | AC7: =IF(A7="","",IF((A7+15)>Model!$B$4,0,MAX(0,Model!$B$6-IF((A7+15)>=Model!$B$11,Model!$B$20,0)-IF(15<Model!$B$15,Model!$B$22,0))/(1-Model!$B$9)/(1+Model!$B$18)^15)) | AD7: =IF(A7="","",IF((A7+16)>Model!$B$4,0,MAX(0,Model!$B$6-IF((A7+16)>=Model!$B$11,Model!$B$20,0)-IF(16<Model!$B$15,Model!$B$22,0))/(1-Model!$B$9)/(1+Model!$B$18)^16)) | AE7: =IF(A7="","",IF((A7+17)>Model!$B$4,0,MAX(0,Model!$B$6-IF((A7+17)>=Model!$B$11,Model!$B$20,0)-IF(17<Model!$B$15,Model!$B$22,0))/(1-Model!$B$9)/(1+Model!$B$18)^17)) | AF7: =IF(A7="","",IF((A7+18)>Model!$B$4,0,MAX(0,Model!$B$6-IF((A7+18)>=Model!$B$11,Model!$B$20,0)-IF(18<Model!$B$15,Model!$B$22,0))/(1-Model!$B$9)/(1+Model!$B$18)^18)) | AG7: =IF(A7="","",IF((A7+19)>Model!$B$4,0,MAX(0,Model!$B$6-IF((A7+19)>=Model!$B$11,Model!$B$20,0)-IF(19<Model!$B$15,Model!$B$22,0))/(1-Model!$B$9)/(1+Model!$B$18)^19)) | AH7: =IF(A7="","",IF((A7+20)>Model!$B$4,0,MAX(0,Model!$B$6-IF((A7+20)>=Model!$B$11,Model!$B$20,0)-IF(20<Model!$B$15,Model!$B$22,0))/(1-Model!$B$9)/(1+Model!$B$18)^20)) | AI7: =IF(A7="","",IF((A7+21)>Model!$B$4,0,MAX(0,Model!$B$6-IF((A7+21)>=Model!$B$11,Model!$B$20,0)-IF(21<Model!$B$15,Model!$B$22,0))/(1-Model!$B$9)/(1+Model!$B$18)^21)) | AJ7: =IF(A7="","",IF((A7+22)>Model!$B$4,0,MAX(0,Model!$B$6-IF((A7+22)>=Model!$B$11,Model!$B$20,0)-IF(22<Model!$B$15,Model!$B$22,0))/(1-Model!$B$9)/(1+Model!$B$18)^22)) | AK7: =IF(A7="","",IF((A7+23)>Model!$B$4,0,MAX(0,Model!$B$6-IF((A7+23)>=Model!$B$11,Model!$B$20,0)-IF(23<Model!$B$15,Model!$B$22,0))/(1-Model!$B$9)/(1+Model!$B$18)^23)) | AL7: =IF(A7="","",IF((A7+24)>Model!$B$4,0,MAX(0,Model!$B$6-IF((A7+24)>=Model!$B$11,Model!$B$20,0)-IF(24<Model!$B$15,Model!$B$22,0))/(1-Model!$B$9)/(1+Model!$B$18)^24)) | AM7: =IF(A7="","",IF((A7+25)>Model!$B$4,0,MAX(0,Model!$B$6-IF((A7+25)>=Model!$B$11,Model!$B$20,0)-IF(25<Model!$B$15,Model!$B$22,0))/(1-Model!$B$9)/(1+Model!$B$18)^25)) | AN7: =IF(A7="","",IF((A7+26)>Model!$B$4,0,MAX(0,Model!$B$6-IF((A7+26)>=Model!$B$11,Model!$B$20,0)-IF(26<Model!$B$15,Model!$B$22,0))/(1-Model!$B$9)/(1+Model!$B$18)^26)) | AO7: =IF(A7="","",IF((A7+27)>Model!$B$4,0,MAX(0,Model!$B$6-IF((A7+27)>=Model!$B$11,Model!$B$20,0)-IF(27<Model!$B$15,Model!$B$22,0))/(1-Model!$B$9)/(1+Model!$B$18)^27)) | AP7: =IF(A7="","",IF((A7+28)>Model!$B$4,0,MAX(0,Model!$B$6-IF((A7+28)>=Model!$B$11,Model!$B$20,0)-IF(28<Model!$B$15,Model!$B$22,0))/(1-Model!$B$9)/(1+Model!$B$18)^28)) | AQ7: =IF(A7="","",IF((A7+29)>Model!$B$4,0,MAX(0,Model!$B$6-IF((A7+29)>=Model!$B$11,Model!$B$20,0)-IF(29<Model!$B$15,Model!$B$22,0))/(1-Model!$B$9)/(1+Model!$B$18)^29)) | AR7: =IF(A7="","",IF((A7+30)>Model!$B$4,0,MAX(0,Model!$B$6-IF((A7+30)>=Model!$B$11,Model!$B$20,0)-IF(30<Model!$B$15,Model!$B$22,0))/(1-Model!$B$9)/(1+Model!$B$18)^30)) | AS7: =IF(A7="","",IF((A7+31)>Model!$B$4,0,MAX(0,Model!$B$6-IF((A7+31)>=Model!$B$11,Model!$B$20,0)-IF(31<Model!$B$15,Model!$B$22,0))/(1-Model!$B$9)/(1+Model!$B$18)^31)) | AT7: =IF(A7="","",IF((A7+32)>Model!$B$4,0,MAX(0,Model!$B$6-IF((A7+32)>=Model!$B$11,Model!$B$20,0)-IF(32<Model!$B$15,Model!$B$22,0))/(1-Model!$B$9)/(1+Model!$B$18)^32)) | AU7: =IF(A7="","",IF((A7+33)>Model!$B$4,0,MAX(0,Model!$B$6-IF((A7+33)>=Model!$B$11,Model!$B$20,0)-IF(33<Model!$B$15,Model!$B$22,0))/(1-Model!$B$9)/(1+Model!$B$18)^33)) | AV7: =IF(A7="","",IF((A7+34)>Model!$B$4,0,MAX(0,Model!$B$6-IF((A7+34)>=Model!$B$11,Model!$B$20,0)-IF(34<Model!$B$15,Model!$B$22,0))/(1-Model!$B$9)/(1+Model!$B$18)^34)) | AW7: =IF(A7="","",IF((A7+35)>Model!$B$4,0,MAX(0,Model!$B$6-IF((A7+35)>=Model!$B$11,Model!$B$20,0)-IF(35<Model!$B$15,Model!$B$22,0))/(1-Model!$B$9)/(1+Model!$B$18)^35)) | AX7: =IF(A7="","",IF((A7+36)>Model!$B$4,0,MAX(0,Model!$B$6-IF((A7+36)>=Model!$B$11,Model!$B$20,0)-IF(36<Model!$B$15,Model!$B$22,0))/(1-Model!$B$9)/(1+Model!$B$18)^36)) | AY7: =IF(A7="","",IF((A7+37)>Model!$B$4,0,MAX(0,Model!$B$6-IF((A7+37)>=Model!$B$11,Model!$B$20,0)-IF(37<Model!$B$15,Model!$B$22,0))/(1-Model!$B$9)/(1+Model!$B$18)^37)) | AZ7: =IF(A7="","",IF((A7+38)>Model!$B$4,0,MAX(0,Model!$B$6-IF((A7+38)>=Model!$B$11,Model!$B$20,0)-IF(38<Model!$B$15,Model!$B$22,0))/(1-Model!$B$9)/(1+Model!$B$18)^38)) | BA7: =IF(A7="","",IF((A7+39)>Model!$B$4,0,MAX(0,Model!$B$6-IF((A7+39)>=Model!$B$11,Model!$B$20,0)-IF(39<Model!$B$15,Model!$B$22,0))/(1-Model!$B$9)/(1+Model!$B$18)^39)) | BB7: =IF(A7="","",IF((A7+40)>Model!$B$4,0,MAX(0,Model!$B$6-IF((A7+40)>=Model!$B$11,Model!$B$20,0)-IF(40<Model!$B$15,Model!$B$22,0))/(1-Model!$B$9)/(1+Model!$B$18)^40)) | BC7: =IF(A7="","",IF((A7+41)>Model!$B$4,0,MAX(0,Model!$B$6-IF((A7+41)>=Model!$B$11,Model!$B$20,0)-IF(41<Model!$B$15,Model!$B$22,0))/(1-Model!$B$9)/(1+Model!$B$18)^41)) | BD7: =IF(A7="","",IF((A7+42)>Model!$B$4,0,MAX(0,Model!$B$6-IF((A7+42)>=Model!$B$11,Model!$B$20,0)-IF(42<Model!$B$15,Model!$B$22,0))/(1-Model!$B$9)/(1+Model!$B$18)^42)) | BE7: =IF(A7="","",IF((A7+43)>Model!$B$4,0,MAX(0,Model!$B$6-IF((A7+43)>=Model!$B$11,Model!$B$20,0)-IF(43<Model!$B$15,Model!$B$22,0))/(1-Model!$B$9)/(1+Model!$B$18)^43)) | BF7: =IF(A7="","",IF((A7+44)>Model!$B$4,0,MAX(0,Model!$B$6-IF((A7+44)>=Model!$B$11,Model!$B$20,0)-IF(44<Model!$B$15,Model!$B$22,0))/(1-Model!$B$9)/(1+Model!$B$18)^44)) | BG7: =IF(A7="","",IF((A7+45)>Model!$B$4,0,MAX(0,Model!$B$6-IF((A7+45)>=Model!$B$11,Model!$B$20,0)-IF(45<Model!$B$15,Model!$B$22,0))/(1-Model!$B$9)/(1+Model!$B$18)^45)) | BH7: =IF(A7="","",IF((A7+46)>Model!$B$4,0,MAX(0,Model!$B$6-IF((A7+46)>=Model!$B$11,Model!$B$20,0)-IF(46<Model!$B$15,Model!$B$22,0))/(1-Model!$B$9)/(1+Model!$B$18)^46)) | BI7: =IF(A7="","",IF((A7+47)>Model!$B$4,0,MAX(0,Model!$B$6-IF((A7+47)>=Model!$B$11,Model!$B$20,0)-IF(47<Model!$B$15,Model!$B$22,0))/(1-Model!$B$9)/(1+Model!$B$18)^47)) | BJ7: =IF(A7="","",IF((A7+48)>Model!$B$4,0,MAX(0,Model!$B$6-IF((A7+48)>=Model!$B$11,Model!$B$20,0)-IF(48<Model!$B$15,Model!$B$22,0))/(1-Model!$B$9)/(1+Model!$B$18)^48)) | BK7: =IF(A7="","",IF((A7+49)>Model!$B$4,0,MAX(0,Model!$B$6-IF((A7+49)>=Model!$B$11,Model!$B$20,0)-IF(49<Model!$B$15,Model!$B$22,0))/(1-Model!$B$9)/(1+Model!$B$18)^49)) | BL7: =IF(A7="","",IF((A7+50)>Model!$B$4,0,MAX(0,Model!$B$6-IF((A7+50)>=Model!$B$11,Model!$B$20,0)-IF(50<Model!$B$15,Model!$B$22,0))/(1-Model!$B$9)/(1+Model!$B$18)^50)) | BM7: =IF(A7="","",IF((A7+51)>Model!$B$4,0,MAX(0,Model!$B$6-IF((A7+51)>=Model!$B$11,Model!$B$20,0)-IF(51<Model!$B$15,Model!$B$22,0))/(1-Model!$B$9)/(1+Model!$B$18)^51)) | BN7: =IF(A7="","",IF((A7+52)>Model!$B$4,0,MAX(0,Model!$B$6-IF((A7+52)>=Model!$B$11,Model!$B$20,0)-IF(52<Model!$B$15,Model!$B$22,0))/(1-Model!$B$9)/(1+Model!$B$18)^52)) | BO7: =IF(A7="","",IF((A7+53)>Model!$B$4,0,MAX(0,Model!$B$6-IF((A7+53)>=Model!$B$11,Model!$B$20,0)-IF(53<Model!$B$15,Model!$B$22,0))/(1-Model!$B$9)/(1+Model!$B$18)^53)) | BP7: =IF(A7="","",IF((A7+54)>Model!$B$4,0,MAX(0,Model!$B$6-IF((A7+54)>=Model!$B$11,Model!$B$20,0)-IF(54<Model!$B$15,Model!$B$22,0))/(1-Model!$B$9)/(1+Model!$B$18)^54)) | BQ7: =IF(A7="","",IF((A7+55)>Model!$B$4,0,MAX(0,Model!$B$6-IF((A7+55)>=Model!$B$11,Model!$B$20,0)-IF(55<Model!$B$15,Model!$B$22,0))/(1-Model!$B$9)/(1+Model!$B$18)^55)) | BR7: =IF(A7="","",IF((A7+56)>Model!$B$4,0,MAX(0,Model!$B$6-IF((A7+56)>=Model!$B$11,Model!$B$20,0)-IF(56<Model!$B$15,Model!$B$22,0))/(1-Model!$B$9)/(1+Model!$B$18)^56)) | BS7: =IF(A7="","",IF((A7+57)>Model!$B$4,0,MAX(0,Model!$B$6-IF((A7+57)>=Model!$B$11,Model!$B$20,0)-IF(57<Model!$B$15,Model!$B$22,0))/(1-Model!$B$9)/(1+Model!$B$18)^57)) | BT7: =IF(A7="","",IF((A7+58)>Model!$B$4,0,MAX(0,Model!$B$6-IF((A7+58)>=Model!$B$11,Model!$B$20,0)-IF(58<Model!$B$15,Model!$B$22,0))/(1-Model!$B$9)/(1+Model!$B$18)^58)) | BU7: =IF(A7="","",IF((A7+59)>Model!$B$4,0,MAX(0,Model!$B$6-IF((A7+59)>=Model!$B$11,Model!$B$20,0)-IF(59<Model!$B$15,Model!$B$22,0))/(1-Model!$B$9)/(1+Model!$B$18)^59)) | BV7: =IF(A7="","",IF((A7+60)>Model!$B$4,0,MAX(0,Model!$B$6-IF((A7+60)>=Model!$B$11,Model!$B$20,0)-IF(60<Model!$B$15,Model!$B$22,0))/(1-Model!$B$9)/(1+Model!$B$18)^60)) | BW7: =IF(A7="","",IF((A7+61)>Model!$B$4,0,MAX(0,Model!$B$6-IF((A7+61)>=Model!$B$11,Model!$B$20,0)-IF(61<Model!$B$15,Model!$B$22,0))/(1-Model!$B$9)/(1+Model!$B$18)^61)) | BX7: =IF(A7="","",IF((A7+62)>Model!$B$4,0,MAX(0,Model!$B$6-IF((A7+62)>=Model!$B$11,Model!$B$20,0)-IF(62<Model!$B$15,Model!$B$22,0))/(1-Model!$B$9)/(1+Model!$B$18)^62)) | BY7: =IF(A7="","",IF((A7+63)>Model!$B$4,0,MAX(0,Model!$B$6-IF((A7+63)>=Model!$B$11,Model!$B$20,0)-IF(63<Model!$B$15,Model!$B$22,0))/(1-Model!$B$9)/(1+Model!$B$18)^63)) | BZ7: =IF(A7="","",IF((A7+64)>Model!$B$4,0,MAX(0,Model!$B$6-IF((A7+64)>=Model!$B$11,Model!$B$20,0)-IF(64<Model!$B$15,Model!$B$22,0))/(1-Model!$B$9)/(1+Model!$B$18)^64)) | CA7: =IF(A7="","",IF((A7+65)>Model!$B$4,0,MAX(0,Model!$B$6-IF((A7+65)>=Model!$B$11,Model!$B$20,0)-IF(65<Model!$B$15,Model!$B$22,0))/(1-Model!$B$9)/(1+Model!$B$18)^65)) | CB7: =IF(A7="","",IF((A7+66)>Model!$B$4,0,MAX(0,Model!$B$6-IF((A7+66)>=Model!$B$11,Model!$B$20,0)-IF(66<Model!$B$15,Model!$B$22,0))/(1-Model!$B$9)/(1+Model!$B$18)^66)) | CC7: =IF(A7="","",IF((A7+67)>Model!$B$4,0,MAX(0,Model!$B$6-IF((A7+67)>=Model!$B$11,Model!$B$20,0)-IF(67<Model!$B$15,Model!$B$22,0))/(1-Model!$B$9)/(1+Model!$B$18)^67)) | CD7: =IF(A7="","",IF((A7+68)>Model!$B$4,0,MAX(0,Model!$B$6-IF((A7+68)>=Model!$B$11,Model!$B$20,0)-IF(68<Model!$B$15,Model!$B$22,0))/(1-Model!$B$9)/(1+Model!$B$18)^68)) | CE7: =IF(A7="","",IF((A7+69)>Model!$B$4,0,MAX(0,Model!$B$6-IF((A7+69)>=Model!$B$11,Model!$B$20,0)-IF(69<Model!$B$15,Model!$B$22,0))/(1-Model!$B$9)/(1+Model!$B$18)^69)) | CF7: =IF(A7="","",IF((A7+70)>Model!$B$4,0,MAX(0,Model!$B$6-IF((A7+70)>=Model!$B$11,Model!$B$20,0)-IF(70<Model!$B$15,Model!$B$22,0))/(1-Model!$B$9)/(1+Model!$B$18)^70)) | CG7: =IF(A7="","",IF((A7+71)>Model!$B$4,0,MAX(0,Model!$B$6-IF((A7+71)>=Model!$B$11,Model!$B$20,0)-IF(71<Model!$B$15,Model!$B$22,0))/(1-Model!$B$9)/(1+Model!$B$18)^71)) | CH7: =IF(A7="","",IF((A7+72)>Model!$B$4,0,MAX(0,Model!$B$6-IF((A7+72)>=Model!$B$11,Model!$B$20,0)-IF(72<Model!$B$15,Model!$B$22,0))/(1-Model!$B$9)/(1+Model!$B$18)^72)) | CI7: =IF(A7="","",IF((A7+73)>Model!$B$4,0,MAX(0,Model!$B$6-IF((A7+73)>=Model!$B$11,Model!$B$20,0)-IF(73<Model!$B$15,Model!$B$22,0))/(1-Model!$B$9)/(1+Model!$B$18)^73)) | CJ7: =IF(A7="","",IF((A7+74)>Model!$B$4,0,MAX(0,Model!$B$6-IF((A7+74)>=Model!$B$11,Model!$B$20,0)-IF(74<Model!$B$15,Model!$B$22,0))/(1-Model!$B$9)/(1+Model!$B$18)^74)) | CK7: =IF(A7="","",IF((A7+75)>Model!$B$4,0,MAX(0,Model!$B$6-IF((A7+75)>=Model!$B$11,Model!$B$20,0)-IF(75<Model!$B$15,Model!$B$22,0))/(1-Model!$B$9)/(1+Model!$B$18)^75)) | CL7: =IF(A7="","",IF((A7+76)>Model!$B$4,0,MAX(0,Model!$B$6-IF((A7+76)>=Model!$B$11,Model!$B$20,0)-IF(76<Model!$B$15,Model!$B$22,0))/(1-Model!$B$9)/(1+Model!$B$18)^76)) | CM7: =IF(A7="","",IF((A7+77)>Model!$B$4,0,MAX(0,Model!$B$6-IF((A7+77)>=Model!$B$11,Model!$B$20,0)-IF(77<Model!$B$15,Model!$B$22,0))/(1-Model!$B$9)/(1+Model!$B$18)^77)) | CN7: =IF(A7="","",IF((A7+78)>Model!$B$4,0,MAX(0,Model!$B$6-IF((A7+78)>=Model!$B$11,Model!$B$20,0)-IF(78<Model!$B$15,Model!$B$22,0))/(1-Model!$B$9)/(1+Model!$B$18)^78)) | CO7: =IF(A7="","",IF((A7+79)>Model!$B$4,0,MAX(0,Model!$B$6-IF((A7+79)>=Model!$B$11,Model!$B$20,0)-IF(79<Model!$B$15,Model!$B$22,0))/(1-Model!$B$9)/(1+Model!$B$18)^79)) | CP7: =IF(A7="","",IF((A7+80)>Model!$B$4,0,MAX(0,Model!$B$6-IF((A7+80)>=Model!$B$11,Model!$B$20,0)-IF(80<Model!$B$15,Model!$B$22,0))/(1-Model!$B$9)/(1+Model!$B$18)^80)) | CQ7: =IF(A7="","",IF((A7+81)>Model!$B$4,0,MAX(0,Model!$B$6-IF((A7+81)>=Model!$B$11,Model!$B$20,0)-IF(81<Model!$B$15,Model!$B$22,0))/(1-Model!$B$9)/(1+Model!$B$18)^81)) | CR7: =IF(A7="","",IF((A7+82)>Model!$B$4,0,MAX(0,Model!$B$6-IF((A7+82)>=Model!$B$11,Model!$B$20,0)-IF(82<Model!$B$15,Model!$B$22,0))/(1-Model!$B$9)/(1+Model!$B$18)^82)) | CS7: =IF(A7="","",IF((A7+83)>Model!$B$4,0,MAX(0,Model!$B$6-IF((A7+83)>=Model!$B$11,Model!$B$20,0)-IF(83<Model!$B$15,Model!$B$22,0))/(1-Model!$B$9)/(1+Model!$B$18)^83)) | CT7: =IF(A7="","",IF((A7+84)>Model!$B$4,0,MAX(0,Model!$B$6-IF((A7+84)>=Model!$B$11,Model!$B$20,0)-IF(84<Model!$B$15,Model!$B$22,0))/(1-Model!$B$9)/(1+Model!$B$18)^84)) | CU7: =IF(A7="","",IF((A7+85)>Model!$B$4,0,MAX(0,Model!$B$6-IF((A7+85)>=Model!$B$11,Model!$B$20,0)-IF(85<Model!$B$15,Model!$B$22,0))/(1-Model!$B$9)/(1+Model!$B$18)^85)) | CV7: =IF(A7="","",IF((A7+86)>Model!$B$4,0,MAX(0,Model!$B$6-IF((A7+86)>=Model!$B$11,Model!$B$20,0)-IF(86<Model!$B$15,Model!$B$22,0))/(1-Model!$B$9)/(1+Model!$B$18)^86)) | CW7: =IF(A7="","",IF((A7+87)>Model!$B$4,0,MAX(0,Model!$B$6-IF((A7+87)>=Model!$B$11,Model!$B$20,0)-IF(87<Model!$B$15,Model!$B$22,0))/(1-Model!$B$9)/(1+Model!$B$18)^87)) | CX7: =IF(A7="","",IF((A7+88)>Model!$B$4,0,MAX(0,Model!$B$6-IF((A7+88)>=Model!$B$11,Model!$B$20,0)-IF(88<Model!$B$15,Model!$B$22,0))/(1-Model!$B$9)/(1+Model!$B$18)^88)) | CY7: =IF(A7="","",IF((A7+89)>Model!$B$4,0,MAX(0,Model!$B$6-IF((A7+89)>=Model!$B$11,Model!$B$20,0)-IF(89<Model!$B$15,Model!$B$22,0))/(1-Model!$B$9)/(1+Model!$B$18)^89)) | CZ7: =IF(A7="","",IF((A7+90)>Model!$B$4,0,MAX(0,Model!$B$6-IF((A7+90)>=Model!$B$11,Model!$B$20,0)-IF(90<Model!$B$15,Model!$B$22,0))/(1-Model!$B$9)/(1+Model!$B$18)^90)) | DA7: =IF(A7="","",IF((A7+91)>Model!$B$4,0,MAX(0,Model!$B$6-IF((A7+91)>=Model!$B$11,Model!$B$20,0)-IF(91<Model!$B$15,Model!$B$22,0))/(1-Model!$B$9)/(1+Model!$B$18)^91)) | DB7: =IF(A7="","",IF((A7+92)>Model!$B$4,0,MAX(0,Model!$B$6-IF((A7+92)>=Model!$B$11,Model!$B$20,0)-IF(92<Model!$B$15,Model!$B$22,0))/(1-Model!$B$9)/(1+Model!$B$18)^92)) | DC7: =IF(A7="","",IF((A7+93)>Model!$B$4,0,MAX(0,Model!$B$6-IF((A7+93)>=Model!$B$11,Model!$B$20,0)-IF(93<Model!$B$15,Model!$B$22,0))/(1-Model!$B$9)/(1+Model!$B$18)^93)) | DD7: =IF(A7="","",IF((A7+94)>Model!$B$4,0,MAX(0,Model!$B$6-IF((A7+94)>=Model!$B$11,Model!$B$20,0)-IF(94<Model!$B$15,Model!$B$22,0))/(1-Model!$B$9)/(1+Model!$B$18)^94)) | DE7: =IF(A7="","",IF((A7+95)>Model!$B$4,0,MAX(0,Model!$B$6-IF((A7+95)>=Model!$B$11,Model!$B$20,0)-IF(95<Model!$B$15,Model!$B$22,0))/(1-Model!$B$9)/(1+Model!$B$18)^95)) | DF7: =IF(A7="","",IF((A7+96)>Model!$B$4,0,MAX(0,Model!$B$6-IF((A7+96)>=Model!$B$11,Model!$B$20,0)-IF(96<Model!$B$15,Model!$B$22,0))/(1-Model!$B$9)/(1+Model!$B$18)^96)) | DG7: =IF(A7="","",IF((A7+97)>Model!$B$4,0,MAX(0,Model!$B$6-IF((A7+97)>=Model!$B$11,Model!$B$20,0)-IF(97<Model!$B$15,Model!$B$22,0))/(1-Model!$B$9)/(1+Model!$B$18)^97)) | DH7: =IF(A7="","",IF((A7+98)>Model!$B$4,0,MAX(0,Model!$B$6-IF((A7+98)>=Model!$B$11,Model!$B$20,0)-IF(98<Model!$B$15,Model!$B$22,0))/(1-Model!$B$9)/(1+Model!$B$18)^98)) | DI7: =IF(A7="","",IF((A7+99)>Model!$B$4,0,MAX(0,Model!$B$6-IF((A7+99)>=Model!$B$11,Model!$B$20,0)-IF(99<Model!$B$15,Model!$B$22,0))/(1-Model!$B$9)/(1+Model!$B$18)^99)) | DJ7: =IF(A7="","",IF((A7+100)>Model!$B$4,0,MAX(0,Model!$B$6-IF((A7+100)>=Model!$B$11,Model!$B$20,0)-IF(100<Model!$B$15,Model!$B$22,0))/(1-Model!$B$9)/(1+Model!$B$18)^100)) | DK7: =IF(A7="","",IF((A7+101)>Model!$B$4,0,MAX(0,Model!$B$6-IF((A7+101)>=Model!$B$11,Model!$B$20,0)-IF(101<Model!$B$15,Model!$B$22,0))/(1-Model!$B$9)/(1+Model!$B$18)^101)) | DL7: =IF(A7="","",IF((A7+102)>Model!$B$4,0,MAX(0,Model!$B$6-IF((A7+102)>=Model!$B$11,Model!$B$20,0)-IF(102<Model!$B$15,Model!$B$22,0))/(1-Model!$B$9)/(1+Model!$B$18)^102)) | DM7: =IF(A7="","",IF((A7+103)>Model!$B$4,0,MAX(0,Model!$B$6-IF((A7+103)>=Model!$B$11,Model!$B$20,0)-IF(103<Model!$B$15,Model!$B$22,0))/(1-Model!$B$9)/(1+Model!$B$18)^103)) | DN7: =IF(A7="","",IF((A7+104)>Model!$B$4,0,MAX(0,Model!$B$6-IF((A7+104)>=Model!$B$11,Model!$B$20,0)-IF(104<Model!$B$15,Model!$B$22,0))/(1-Model!$B$9)/(1+Model!$B$18)^104)) | DO7: =IF(A7="","",IF((A7+105)>Model!$B$4,0,MAX(0,Model!$B$6-IF((A7+105)>=Model!$B$11,Model!$B$20,0)-IF(105<Model!$B$15,Model!$B$22,0))/(1-Model!$B$9)/(1+Model!$B$18)^105)) | DP7: =IF(A7="","",IF((A7+106)>Model!$B$4,0,MAX(0,Model!$B$6-IF((A7+106)>=Model!$B$11,Model!$B$20,0)-IF(106<Model!$B$15,Model!$B$22,0))/(1-Model!$B$9)/(1+Model!$B$18)^106)) | DQ7: =IF(A7="","",IF((A7+107)>Model!$B$4,0,MAX(0,Model!$B$6-IF((A7+107)>=Model!$B$11,Model!$B$20,0)-IF(107<Model!$B$15,Model!$B$22,0))/(1-Model!$B$9)/(1+Model!$B$18)^107)) | DR7: =IF(A7="","",IF((A7+108)>Model!$B$4,0,MAX(0,Model!$B$6-IF((A7+108)>=Model!$B$11,Model!$B$20,0)-IF(108<Model!$B$15,Model!$B$22,0))/(1-Model!$B$9)/(1+Model!$B$18)^108)) | DS7: =IF(A7="","",IF((A7+109)>Model!$B$4,0,MAX(0,Model!$B$6-IF((A7+109)>=Model!$B$11,Model!$B$20,0)-IF(109<Model!$B$15,Model!$B$22,0))/(1-Model!$B$9)/(1+Model!$B$18)^109)) | DT7: =IF(A7="","",IF((A7+110)>Model!$B$4,0,MAX(0,Model!$B$6-IF((A7+110)>=Model!$B$11,Model!$B$20,0)-IF(110<Model!$B$15,Model!$B$22,0))/(1-Model!$B$9)/(1+Model!$B$18)^110)) | DU7: =IF(A7="","",IF((A7+111)>Model!$B$4,0,MAX(0,Model!$B$6-IF((A7+111)>=Model!$B$11,Model!$B$20,0)-IF(111<Model!$B$15,Model!$B$22,0))/(1-Model!$B$9)/(1+Model!$B$18)^111)) | DV7: =IF(A7="","",IF((A7+112)>Model!$B$4,0,MAX(0,Model!$B$6-IF((A7+112)>=Model!$B$11,Model!$B$20,0)-IF(112<Model!$B$15,Model!$B$22,0))/(1-Model!$B$9)/(1+Model!$B$18)^112)) | DW7: =IF(A7="","",IF((A7+113)>Model!$B$4,0,MAX(0,Model!$B$6-IF((A7+113)>=Model!$B$11,Model!$B$20,0)-IF(113<Model!$B$15,Model!$B$22,0))/(1-Model!$B$9)/(1+Model!$B$18)^113)) | DX7: =IF(A7="","",IF((A7+114)>Model!$B$4,0,MAX(0,Model!$B$6-IF((A7+114)>=Model!$B$11,Model!$B$20,0)-IF(114<Model!$B$15,Model!$B$22,0))/(1-Model!$B$9)/(1+Model!$B$18)^114)) | DY7: =IF(A7="","",IF((A7+115)>Model!$B$4,0,MAX(0,Model!$B$6-IF((A7+115)>=Model!$B$11,Model!$B$20,0)-IF(115<Model!$B$15,Model!$B$22,0))/(1-Model!$B$9)/(1+Model!$B$18)^115)) | DZ7: =IF(A7="","",IF((A7+116)>Model!$B$4,0,MAX(0,Model!$B$6-IF((A7+116)>=Model!$B$11,Model!$B$20,0)-IF(116<Model!$B$15,Model!$B$22,0))/(1-Model!$B$9)/(1+Model!$B$18)^116)) | EA7: =IF(A7="","",IF((A7+117)>Model!$B$4,0,MAX(0,Model!$B$6-IF((A7+117)>=Model!$B$11,Model!$B$20,0)-IF(117<Model!$B$15,Model!$B$22,0))/(1-Model!$B$9)/(1+Model!$B$18)^117)) | EB7: =IF(A7="","",IF((A7+118)>Model!$B$4,0,MAX(0,Model!$B$6-IF((A7+118)>=Model!$B$11,Model!$B$20,0)-IF(118<Model!$B$15,Model!$B$22,0))/(1-Model!$B$9)/(1+Model!$B$18)^118)) | EC7: =IF(A7="","",IF((A7+119)>Model!$B$4,0,MAX(0,Model!$B$6-IF((A7+119)>=Model!$B$11,Model!$B$20,0)-IF(119<Model!$B$15,Model!$B$22,0))/(1-Model!$B$9)/(1+Model!$B$18)^119)) | ED7: =IF(A7="","",IF((A7+120)>Model!$B$4,0,MAX(0,Model!$B$6-IF((A7+120)>=Model!$B$11,Model!$B$20,0)-IF(120<Model!$B$15,Model!$B$22,0))/(1-Model!$B$9)/(1+Model!$B$18)^120))
A8: =IF(Model!$B$10+ROW()-2<=Model!$B$4,Model!$B$10+ROW()-2,"") | B8: =IF(A8="","",A8-Model!$B$10) | C8: =IF(A8="","",Model!$B$5*(1+Model!$B$18)^B8) | D8: =IF(A8="","",SUM(N8:ED8)) | E8: =IF(A8="","",IF(A8>=Model!$B$11,Model!$B$20,0)) | F8: =IF(A8="","",IF(Model!$B$15>0,Model!$B$22,0)) | G8: =IF(A8="","",E8+F8) | H8: =IF(A8="","",MAX(0,Model!$B$6-G8)) | I8: =IF(A8="","",H8/(1-Model!$B$9)) | J8: =IF(A8="","",C8-D8) | K8: =IF(A8="","",C8>=D8) | L8: =IF(A8="","",IF(A8>=Model!$B$11,Model!$B$19*(1+Model!$B$13)^B8,0)) | M8: =IF(A8="","",IF(Model!$B$15>0,Model!$B$21*(1+Model!$B$13)^B8,0)) | N8: =IF(A8="","",IF((A8+0)>Model!$B$4,0,MAX(0,Model!$B$6-IF((A8+0)>=Model!$B$11,Model!$B$20,0)-IF(0<Model!$B$15,Model!$B$22,0))/(1-Model!$B$9)/(1+Model!$B$18)^0)) | O8: =IF(A8="","",IF((A8+1)>Model!$B$4,0,MAX(0,Model!$B$6-IF((A8+1)>=Model!$B$11,Model!$B$20,0)-IF(1<Model!$B$15,Model!$B$22,0))/(1-Model!$B$9)/(1+Model!$B$18)^1)) | P8: =IF(A8="","",IF((A8+2)>Model!$B$4,0,MAX(0,Model!$B$6-IF((A8+2)>=Model!$B$11,Model!$B$20,0)-IF(2<Model!$B$15,Model!$B$22,0))/(1-Model!$B$9)/(1+Model!$B$18)^2)) | Q8: =IF(A8="","",IF((A8+3)>Model!$B$4,0,MAX(0,Model!$B$6-IF((A8+3)>=Model!$B$11,Model!$B$20,0)-IF(3<Model!$B$15,Model!$B$22,0))/(1-Model!$B$9)/(1+Model!$B$18)^3)) | R8: =IF(A8="","",IF((A8+4)>Model!$B$4,0,MAX(0,Model!$B$6-IF((A8+4)>=Model!$B$11,Model!$B$20,0)-IF(4<Model!$B$15,Model!$B$22,0))/(1-Model!$B$9)/(1+Model!$B$18)^4)) | S8: =IF(A8="","",IF((A8+5)>Model!$B$4,0,MAX(0,Model!$B$6-IF((A8+5)>=Model!$B$11,Model!$B$20,0)-IF(5<Model!$B$15,Model!$B$22,0))/(1-Model!$B$9)/(1+Model!$B$18)^5)) | T8: =IF(A8="","",IF((A8+6)>Model!$B$4,0,MAX(0,Model!$B$6-IF((A8+6)>=Model!$B$11,Model!$B$20,0)-IF(6<Model!$B$15,Model!$B$22,0))/(1-Model!$B$9)/(1+Model!$B$18)^6)) | U8: =IF(A8="","",IF((A8+7)>Model!$B$4,0,MAX(0,Model!$B$6-IF((A8+7)>=Model!$B$11,Model!$B$20,0)-IF(7<Model!$B$15,Model!$B$22,0))/(1-Model!$B$9)/(1+Model!$B$18)^7)) | V8: =IF(A8="","",IF((A8+8)>Model!$B$4,0,MAX(0,Model!$B$6-IF((A8+8)>=Model!$B$11,Model!$B$20,0)-IF(8<Model!$B$15,Model!$B$22,0))/(1-Model!$B$9)/(1+Model!$B$18)^8)) | W8: =IF(A8="","",IF((A8+9)>Model!$B$4,0,MAX(0,Model!$B$6-IF((A8+9)>=Model!$B$11,Model!$B$20,0)-IF(9<Model!$B$15,Model!$B$22,0))/(1-Model!$B$9)/(1+Model!$B$18)^9)) | X8: =IF(A8="","",IF((A8+10)>Model!$B$4,0,MAX(0,Model!$B$6-IF((A8+10)>=Model!$B$11,Model!$B$20,0)-IF(10<Model!$B$15,Model!$B$22,0))/(1-Model!$B$9)/(1+Model!$B$18)^10)) | Y8: =IF(A8="","",IF((A8+11)>Model!$B$4,0,MAX(0,Model!$B$6-IF((A8+11)>=Model!$B$11,Model!$B$20,0)-IF(11<Model!$B$15,Model!$B$22,0))/(1-Model!$B$9)/(1+Model!$B$18)^11)) | Z8: =IF(A8="","",IF((A8+12)>Model!$B$4,0,MAX(0,Model!$B$6-IF((A8+12)>=Model!$B$11,Model!$B$20,0)-IF(12<Model!$B$15,Model!$B$22,0))/(1-Model!$B$9)/(1+Model!$B$18)^12)) | AA8: =IF(A8="","",IF((A8+13)>Model!$B$4,0,MAX(0,Model!$B$6-IF((A8+13)>=Model!$B$11,Model!$B$20,0)-IF(13<Model!$B$15,Model!$B$22,0))/(1-Model!$B$9)/(1+Model!$B$18)^13)) | AB8: =IF(A8="","",IF((A8+14)>Model!$B$4,0,MAX(0,Model!$B$6-IF((A8+14)>=Model!$B$11,Model!$B$20,0)-IF(14<Model!$B$15,Model!$B$22,0))/(1-Model!$B$9)/(1+Model!$B$18)^14)) | AC8: =IF(A8="","",IF((A8+15)>Model!$B$4,0,MAX(0,Model!$B$6-IF((A8+15)>=Model!$B$11,Model!$B$20,0)-IF(15<Model!$B$15,Model!$B$22,0))/(1-Model!$B$9)/(1+Model!$B$18)^15)) | AD8: =IF(A8="","",IF((A8+16)>Model!$B$4,0,MAX(0,Model!$B$6-IF((A8+16)>=Model!$B$11,Model!$B$20,0)-IF(16<Model!$B$15,Model!$B$22,0))/(1-Model!$B$9)/(1+Model!$B$18)^16)) | AE8: =IF(A8="","",IF((A8+17)>Model!$B$4,0,MAX(0,Model!$B$6-IF((A8+17)>=Model!$B$11,Model!$B$20,0)-IF(17<Model!$B$15,Model!$B$22,0))/(1-Model!$B$9)/(1+Model!$B$18)^17)) | AF8: =IF(A8="","",IF((A8+18)>Model!$B$4,0,MAX(0,Model!$B$6-IF((A8+18)>=Model!$B$11,Model!$B$20,0)-IF(18<Model!$B$15,Model!$B$22,0))/(1-Model!$B$9)/(1+Model!$B$18)^18)) | AG8: =IF(A8="","",IF((A8+19)>Model!$B$4,0,MAX(0,Model!$B$6-IF((A8+19)>=Model!$B$11,Model!$B$20,0)-IF(19<Model!$B$15,Model!$B$22,0))/(1-Model!$B$9)/(1+Model!$B$18)^19)) | AH8: =IF(A8="","",IF((A8+20)>Model!$B$4,0,MAX(0,Model!$B$6-IF((A8+20)>=Model!$B$11,Model!$B$20,0)-IF(20<Model!$B$15,Model!$B$22,0))/(1-Model!$B$9)/(1+Model!$B$18)^20)) | AI8: =IF(A8="","",IF((A8+21)>Model!$B$4,0,MAX(0,Model!$B$6-IF((A8+21)>=Model!$B$11,Model!$B$20,0)-IF(21<Model!$B$15,Model!$B$22,0))/(1-Model!$B$9)/(1+Model!$B$18)^21)) | AJ8: =IF(A8="","",IF((A8+22)>Model!$B$4,0,MAX(0,Model!$B$6-IF((A8+22)>=Model!$B$11,Model!$B$20,0)-IF(22<Model!$B$15,Model!$B$22,0))/(1-Model!$B$9)/(1+Model!$B$18)^22)) | AK8: =IF(A8="","",IF((A8+23)>Model!$B$4,0,MAX(0,Model!$B$6-IF((A8+23)>=Model!$B$11,Model!$B$20,0)-IF(23<Model!$B$15,Model!$B$22,0))/(1-Model!$B$9)/(1+Model!$B$18)^23)) | AL8: =IF(A8="","",IF((A8+24)>Model!$B$4,0,MAX(0,Model!$B$6-IF((A8+24)>=Model!$B$11,Model!$B$20,0)-IF(24<Model!$B$15,Model!$B$22,0))/(1-Model!$B$9)/(1+Model!$B$18)^24)) | AM8: =IF(A8="","",IF((A8+25)>Model!$B$4,0,MAX(0,Model!$B$6-IF((A8+25)>=Model!$B$11,Model!$B$20,0)-IF(25<Model!$B$15,Model!$B$22,0))/(1-Model!$B$9)/(1+Model!$B$18)^25)) | AN8: =IF(A8="","",IF((A8+26)>Model!$B$4,0,MAX(0,Model!$B$6-IF((A8+26)>=Model!$B$11,Model!$B$20,0)-IF(26<Model!$B$15,Model!$B$22,0))/(1-Model!$B$9)/(1+Model!$B$18)^26)) | AO8: =IF(A8="","",IF((A8+27)>Model!$B$4,0,MAX(0,Model!$B$6-IF((A8+27)>=Model!$B$11,Model!$B$20,0)-IF(27<Model!$B$15,Model!$B$22,0))/(1-Model!$B$9)/(1+Model!$B$18)^27)) | AP8: =IF(A8="","",IF((A8+28)>Model!$B$4,0,MAX(0,Model!$B$6-IF((A8+28)>=Model!$B$11,Model!$B$20,0)-IF(28<Model!$B$15,Model!$B$22,0))/(1-Model!$B$9)/(1+Model!$B$18)^28)) | AQ8: =IF(A8="","",IF((A8+29)>Model!$B$4,0,MAX(0,Model!$B$6-IF((A8+29)>=Model!$B$11,Model!$B$20,0)-IF(29<Model!$B$15,Model!$B$22,0))/(1-Model!$B$9)/(1+Model!$B$18)^29)) | AR8: =IF(A8="","",IF((A8+30)>Model!$B$4,0,MAX(0,Model!$B$6-IF((A8+30)>=Model!$B$11,Model!$B$20,0)-IF(30<Model!$B$15,Model!$B$22,0))/(1-Model!$B$9)/(1+Model!$B$18)^30)) | AS8: =IF(A8="","",IF((A8+31)>Model!$B$4,0,MAX(0,Model!$B$6-IF((A8+31)>=Model!$B$11,Model!$B$20,0)-IF(31<Model!$B$15,Model!$B$22,0))/(1-Model!$B$9)/(1+Model!$B$18)^31)) | AT8: =IF(A8="","",IF((A8+32)>Model!$B$4,0,MAX(0,Model!$B$6-IF((A8+32)>=Model!$B$11,Model!$B$20,0)-IF(32<Model!$B$15,Model!$B$22,0))/(1-Model!$B$9)/(1+Model!$B$18)^32)) | AU8: =IF(A8="","",IF((A8+33)>Model!$B$4,0,MAX(0,Model!$B$6-IF((A8+33)>=Model!$B$11,Model!$B$20,0)-IF(33<Model!$B$15,Model!$B$22,0))/(1-Model!$B$9)/(1+Model!$B$18)^33)) | AV8: =IF(A8="","",IF((A8+34)>Model!$B$4,0,MAX(0,Model!$B$6-IF((A8+34)>=Model!$B$11,Model!$B$20,0)-IF(34<Model!$B$15,Model!$B$22,0))/(1-Model!$B$9)/(1+Model!$B$18)^34)) | AW8: =IF(A8="","",IF((A8+35)>Model!$B$4,0,MAX(0,Model!$B$6-IF((A8+35)>=Model!$B$11,Model!$B$20,0)-IF(35<Model!$B$15,Model!$B$22,0))/(1-Model!$B$9)/(1+Model!$B$18)^35)) | AX8: =IF(A8="","",IF((A8+36)>Model!$B$4,0,MAX(0,Model!$B$6-IF((A8+36)>=Model!$B$11,Model!$B$20,0)-IF(36<Model!$B$15,Model!$B$22,0))/(1-Model!$B$9)/(1+Model!$B$18)^36)) | AY8: =IF(A8="","",IF((A8+37)>Model!$B$4,0,MAX(0,Model!$B$6-IF((A8+37)>=Model!$B$11,Model!$B$20,0)-IF(37<Model!$B$15,Model!$B$22,0))/(1-Model!$B$9)/(1+Model!$B$18)^37)) | AZ8: =IF(A8="","",IF((A8+38)>Model!$B$4,0,MAX(0,Model!$B$6-IF((A8+38)>=Model!$B$11,Model!$B$20,0)-IF(38<Model!$B$15,Model!$B$22,0))/(1-Model!$B$9)/(1+Model!$B$18)^38)) | BA8: =IF(A8="","",IF((A8+39)>Model!$B$4,0,MAX(0,Model!$B$6-IF((A8+39)>=Model!$B$11,Model!$B$20,0)-IF(39<Model!$B$15,Model!$B$22,0))/(1-Model!$B$9)/(1+Model!$B$18)^39)) | BB8: =IF(A8="","",IF((A8+40)>Model!$B$4,0,MAX(0,Model!$B$6-IF((A8+40)>=Model!$B$11,Model!$B$20,0)-IF(40<Model!$B$15,Model!$B$22,0))/(1-Model!$B$9)/(1+Model!$B$18)^40)) | BC8: =IF(A8="","",IF((A8+41)>Model!$B$4,0,MAX(0,Model!$B$6-IF((A8+41)>=Model!$B$11,Model!$B$20,0)-IF(41<Model!$B$15,Model!$B$22,0))/(1-Model!$B$9)/(1+Model!$B$18)^41)) | BD8: =IF(A8="","",IF((A8+42)>Model!$B$4,0,MAX(0,Model!$B$6-IF((A8+42)>=Model!$B$11,Model!$B$20,0)-IF(42<Model!$B$15,Model!$B$22,0))/(1-Model!$B$9)/(1+Model!$B$18)^42)) | BE8: =IF(A8="","",IF((A8+43)>Model!$B$4,0,MAX(0,Model!$B$6-IF((A8+43)>=Model!$B$11,Model!$B$20,0)-IF(43<Model!$B$15,Model!$B$22,0))/(1-Model!$B$9)/(1+Model!$B$18)^43)) | BF8: =IF(A8="","",IF((A8+44)>Model!$B$4,0,MAX(0,Model!$B$6-IF((A8+44)>=Model!$B$11,Model!$B$20,0)-IF(44<Model!$B$15,Model!$B$22,0))/(1-Model!$B$9)/(1+Model!$B$18)^44)) | BG8: =IF(A8="","",IF((A8+45)>Model!$B$4,0,MAX(0,Model!$B$6-IF((A8+45)>=Model!$B$11,Model!$B$20,0)-IF(45<Model!$B$15,Model!$B$22,0))/(1-Model!$B$9)/(1+Model!$B$18)^45)) | BH8: =IF(A8="","",IF((A8+46)>Model!$B$4,0,MAX(0,Model!$B$6-IF((A8+46)>=Model!$B$11,Model!$B$20,0)-IF(46<Model!$B$15,Model!$B$22,0))/(1-Model!$B$9)/(1+Model!$B$18)^46)) | BI8: =IF(A8="","",IF((A8+47)>Model!$B$4,0,MAX(0,Model!$B$6-IF((A8+47)>=Model!$B$11,Model!$B$20,0)-IF(47<Model!$B$15,Model!$B$22,0))/(1-Model!$B$9)/(1+Model!$B$18)^47)) | BJ8: =IF(A8="","",IF((A8+48)>Model!$B$4,0,MAX(0,Model!$B$6-IF((A8+48)>=Model!$B$11,Model!$B$20,0)-IF(48<Model!$B$15,Model!$B$22,0))/(1-Model!$B$9)/(1+Model!$B$18)^48)) | BK8: =IF(A8="","",IF((A8+49)>Model!$B$4,0,MAX(0,Model!$B$6-IF((A8+49)>=Model!$B$11,Model!$B$20,0)-IF(49<Model!$B$15,Model!$B$22,0))/(1-Model!$B$9)/(1+Model!$B$18)^49)) | BL8: =IF(A8="","",IF((A8+50)>Model!$B$4,0,MAX(0,Model!$B$6-IF((A8+50)>=Model!$B$11,Model!$B$20,0)-IF(50<Model!$B$15,Model!$B$22,0))/(1-Model!$B$9)/(1+Model!$B$18)^50)) | BM8: =IF(A8="","",IF((A8+51)>Model!$B$4,0,MAX(0,Model!$B$6-IF((A8+51)>=Model!$B$11,Model!$B$20,0)-IF(51<Model!$B$15,Model!$B$22,0))/(1-Model!$B$9)/(1+Model!$B$18)^51)) | BN8: =IF(A8="","",IF((A8+52)>Model!$B$4,0,MAX(0,Model!$B$6-IF((A8+52)>=Model!$B$11,Model!$B$20,0)-IF(52<Model!$B$15,Model!$B$22,0))/(1-Model!$B$9)/(1+Model!$B$18)^52)) | BO8: =IF(A8="","",IF((A8+53)>Model!$B$4,0,MAX(0,Model!$B$6-IF((A8+53)>=Model!$B$11,Model!$B$20,0)-IF(53<Model!$B$15,Model!$B$22,0))/(1-Model!$B$9)/(1+Model!$B$18)^53)) | BP8: =IF(A8="","",IF((A8+54)>Model!$B$4,0,MAX(0,Model!$B$6-IF((A8+54)>=Model!$B$11,Model!$B$20,0)-IF(54<Model!$B$15,Model!$B$22,0))/(1-Model!$B$9)/(1+Model!$B$18)^54)) | BQ8: =IF(A8="","",IF((A8+55)>Model!$B$4,0,MAX(0,Model!$B$6-IF((A8+55)>=Model!$B$11,Model!$B$20,0)-IF(55<Model!$B$15,Model!$B$22,0))/(1-Model!$B$9)/(1+Model!$B$18)^55)) | BR8: =IF(A8="","",IF((A8+56)>Model!$B$4,0,MAX(0,Model!$B$6-IF((A8+56)>=Model!$B$11,Model!$B$20,0)-IF(56<Model!$B$15,Model!$B$22,0))/(1-Model!$B$9)/(1+Model!$B$18)^56)) | BS8: =IF(A8="","",IF((A8+57)>Model!$B$4,0,MAX(0,Model!$B$6-IF((A8+57)>=Model!$B$11,Model!$B$20,0)-IF(57<Model!$B$15,Model!$B$22,0))/(1-Model!$B$9)/(1+Model!$B$18)^57)) | BT8: =IF(A8="","",IF((A8+58)>Model!$B$4,0,MAX(0,Model!$B$6-IF((A8+58)>=Model!$B$11,Model!$B$20,0)-IF(58<Model!$B$15,Model!$B$22,0))/(1-Model!$B$9)/(1+Model!$B$18)^58)) | BU8: =IF(A8="","",IF((A8+59)>Model!$B$4,0,MAX(0,Model!$B$6-IF((A8+59)>=Model!$B$11,Model!$B$20,0)-IF(59<Model!$B$15,Model!$B$22,0))/(1-Model!$B$9)/(1+Model!$B$18)^59)) | BV8: =IF(A8="","",IF((A8+60)>Model!$B$4,0,MAX(0,Model!$B$6-IF((A8+60)>=Model!$B$11,Model!$B$20,0)-IF(60<Model!$B$15,Model!$B$22,0))/(1-Model!$B$9)/(1+Model!$B$18)^60)) | BW8: =IF(A8="","",IF((A8+61)>Model!$B$4,0,MAX(0,Model!$B$6-IF((A8+61)>=Model!$B$11,Model!$B$20,0)-IF(61<Model!$B$15,Model!$B$22,0))/(1-Model!$B$9)/(1+Model!$B$18)^61)) | BX8: =IF(A8="","",IF((A8+62)>Model!$B$4,0,MAX(0,Model!$B$6-IF((A8+62)>=Model!$B$11,Model!$B$20,0)-IF(62<Model!$B$15,Model!$B$22,0))/(1-Model!$B$9)/(1+Model!$B$18)^62)) | BY8: =IF(A8="","",IF((A8+63)>Model!$B$4,0,MAX(0,Model!$B$6-IF((A8+63)>=Model!$B$11,Model!$B$20,0)-IF(63<Model!$B$15,Model!$B$22,0))/(1-Model!$B$9)/(1+Model!$B$18)^63)) | BZ8: =IF(A8="","",IF((A8+64)>Model!$B$4,0,MAX(0,Model!$B$6-IF((A8+64)>=Model!$B$11,Model!$B$20,0)-IF(64<Model!$B$15,Model!$B$22,0))/(1-Model!$B$9)/(1+Model!$B$18)^64)) | CA8: =IF(A8="","",IF((A8+65)>Model!$B$4,0,MAX(0,Model!$B$6-IF((A8+65)>=Model!$B$11,Model!$B$20,0)-IF(65<Model!$B$15,Model!$B$22,0))/(1-Model!$B$9)/(1+Model!$B$18)^65)) | CB8: =IF(A8="","",IF((A8+66)>Model!$B$4,0,MAX(0,Model!$B$6-IF((A8+66)>=Model!$B$11,Model!$B$20,0)-IF(66<Model!$B$15,Model!$B$22,0))/(1-Model!$B$9)/(1+Model!$B$18)^66)) | CC8: =IF(A8="","",IF((A8+67)>Model!$B$4,0,MAX(0,Model!$B$6-IF((A8+67)>=Model!$B$11,Model!$B$20,0)-IF(67<Model!$B$15,Model!$B$22,0))/(1-Model!$B$9)/(1+Model!$B$18)^67)) | CD8: =IF(A8="","",IF((A8+68)>Model!$B$4,0,MAX(0,Model!$B$6-IF((A8+68)>=Model!$B$11,Model!$B$20,0)-IF(68<Model!$B$15,Model!$B$22,0))/(1-Model!$B$9)/(1+Model!$B$18)^68)) | CE8: =IF(A8="","",IF((A8+69)>Model!$B$4,0,MAX(0,Model!$B$6-IF((A8+69)>=Model!$B$11,Model!$B$20,0)-IF(69<Model!$B$15,Model!$B$22,0))/(1-Model!$B$9)/(1+Model!$B$18)^69)) | CF8: =IF(A8="","",IF((A8+70)>Model!$B$4,0,MAX(0,Model!$B$6-IF((A8+70)>=Model!$B$11,Model!$B$20,0)-IF(70<Model!$B$15,Model!$B$22,0))/(1-Model!$B$9)/(1+Model!$B$18)^70)) | CG8: =IF(A8="","",IF((A8+71)>Model!$B$4,0,MAX(0,Model!$B$6-IF((A8+71)>=Model!$B$11,Model!$B$20,0)-IF(71<Model!$B$15,Model!$B$22,0))/(1-Model!$B$9)/(1+Model!$B$18)^71)) | CH8: =IF(A8="","",IF((A8+72)>Model!$B$4,0,MAX(0,Model!$B$6-IF((A8+72)>=Model!$B$11,Model!$B$20,0)-IF(72<Model!$B$15,Model!$B$22,0))/(1-Model!$B$9)/(1+Model!$B$18)^72)) | CI8: =IF(A8="","",IF((A8+73)>Model!$B$4,0,MAX(0,Model!$B$6-IF((A8+73)>=Model!$B$11,Model!$B$20,0)-IF(73<Model!$B$15,Model!$B$22,0))/(1-Model!$B$9)/(1+Model!$B$18)^73)) | CJ8: =IF(A8="","",IF((A8+74)>Model!$B$4,0,MAX(0,Model!$B$6-IF((A8+74)>=Model!$B$11,Model!$B$20,0)-IF(74<Model!$B$15,Model!$B$22,0))/(1-Model!$B$9)/(1+Model!$B$18)^74)) | CK8: =IF(A8="","",IF((A8+75)>Model!$B$4,0,MAX(0,Model!$B$6-IF((A8+75)>=Model!$B$11,Model!$B$20,0)-IF(75<Model!$B$15,Model!$B$22,0))/(1-Model!$B$9)/(1+Model!$B$18)^75)) | CL8: =IF(A8="","",IF((A8+76)>Model!$B$4,0,MAX(0,Model!$B$6-IF((A8+76)>=Model!$B$11,Model!$B$20,0)-IF(76<Model!$B$15,Model!$B$22,0))/(1-Model!$B$9)/(1+Model!$B$18)^76)) | CM8: =IF(A8="","",IF((A8+77)>Model!$B$4,0,MAX(0,Model!$B$6-IF((A8+77)>=Model!$B$11,Model!$B$20,0)-IF(77<Model!$B$15,Model!$B$22,0))/(1-Model!$B$9)/(1+Model!$B$18)^77)) | CN8: =IF(A8="","",IF((A8+78)>Model!$B$4,0,MAX(0,Model!$B$6-IF((A8+78)>=Model!$B$11,Model!$B$20,0)-IF(78<Model!$B$15,Model!$B$22,0))/(1-Model!$B$9)/(1+Model!$B$18)^78)) | CO8: =IF(A8="","",IF((A8+79)>Model!$B$4,0,MAX(0,Model!$B$6-IF((A8+79)>=Model!$B$11,Model!$B$20,0)-IF(79<Model!$B$15,Model!$B$22,0))/(1-Model!$B$9)/(1+Model!$B$18)^79)) | CP8: =IF(A8="","",IF((A8+80)>Model!$B$4,0,MAX(0,Model!$B$6-IF((A8+80)>=Model!$B$11,Model!$B$20,0)-IF(80<Model!$B$15,Model!$B$22,0))/(1-Model!$B$9)/(1+Model!$B$18)^80)) | CQ8: =IF(A8="","",IF((A8+81)>Model!$B$4,0,MAX(0,Model!$B$6-IF((A8+81)>=Model!$B$11,Model!$B$20,0)-IF(81<Model!$B$15,Model!$B$22,0))/(1-Model!$B$9)/(1+Model!$B$18)^81)) | CR8: =IF(A8="","",IF((A8+82)>Model!$B$4,0,MAX(0,Model!$B$6-IF((A8+82)>=Model!$B$11,Model!$B$20,0)-IF(82<Model!$B$15,Model!$B$22,0))/(1-Model!$B$9)/(1+Model!$B$18)^82)) | CS8: =IF(A8="","",IF((A8+83)>Model!$B$4,0,MAX(0,Model!$B$6-IF((A8+83)>=Model!$B$11,Model!$B$20,0)-IF(83<Model!$B$15,Model!$B$22,0))/(1-Model!$B$9)/(1+Model!$B$18)^83)) | CT8: =IF(A8="","",IF((A8+84)>Model!$B$4,0,MAX(0,Model!$B$6-IF((A8+84)>=Model!$B$11,Model!$B$20,0)-IF(84<Model!$B$15,Model!$B$22,0))/(1-Model!$B$9)/(1+Model!$B$18)^84)) | CU8: =IF(A8="","",IF((A8+85)>Model!$B$4,0,MAX(0,Model!$B$6-IF((A8+85)>=Model!$B$11,Model!$B$20,0)-IF(85<Model!$B$15,Model!$B$22,0))/(1-Model!$B$9)/(1+Model!$B$18)^85)) | CV8: =IF(A8="","",IF((A8+86)>Model!$B$4,0,MAX(0,Model!$B$6-IF((A8+86)>=Model!$B$11,Model!$B$20,0)-IF(86<Model!$B$15,Model!$B$22,0))/(1-Model!$B$9)/(1+Model!$B$18)^86)) | CW8: =IF(A8="","",IF((A8+87)>Model!$B$4,0,MAX(0,Model!$B$6-IF((A8+87)>=Model!$B$11,Model!$B$20,0)-IF(87<Model!$B$15,Model!$B$22,0))/(1-Model!$B$9)/(1+Model!$B$18)^87)) | CX8: =IF(A8="","",IF((A8+88)>Model!$B$4,0,MAX(0,Model!$B$6-IF((A8+88)>=Model!$B$11,Model!$B$20,0)-IF(88<Model!$B$15,Model!$B$22,0))/(1-Model!$B$9)/(1+Model!$B$18)^88)) | CY8: =IF(A8="","",IF((A8+89)>Model!$B$4,0,MAX(0,Model!$B$6-IF((A8+89)>=Model!$B$11,Model!$B$20,0)-IF(89<Model!$B$15,Model!$B$22,0))/(1-Model!$B$9)/(1+Model!$B$18)^89)) | CZ8: =IF(A8="","",IF((A8+90)>Model!$B$4,0,MAX(0,Model!$B$6-IF((A8+90)>=Model!$B$11,Model!$B$20,0)-IF(90<Model!$B$15,Model!$B$22,0))/(1-Model!$B$9)/(1+Model!$B$18)^90)) | DA8: =IF(A8="","",IF((A8+91)>Model!$B$4,0,MAX(0,Model!$B$6-IF((A8+91)>=Model!$B$11,Model!$B$20,0)-IF(91<Model!$B$15,Model!$B$22,0))/(1-Model!$B$9)/(1+Model!$B$18)^91)) | DB8: =IF(A8="","",IF((A8+92)>Model!$B$4,0,MAX(0,Model!$B$6-IF((A8+92)>=Model!$B$11,Model!$B$20,0)-IF(92<Model!$B$15,Model!$B$22,0))/(1-Model!$B$9)/(1+Model!$B$18)^92)) | DC8: =IF(A8="","",IF((A8+93)>Model!$B$4,0,MAX(0,Model!$B$6-IF((A8+93)>=Model!$B$11,Model!$B$20,0)-IF(93<Model!$B$15,Model!$B$22,0))/(1-Model!$B$9)/(1+Model!$B$18)^93)) | DD8: =IF(A8="","",IF((A8+94)>Model!$B$4,0,MAX(0,Model!$B$6-IF((A8+94)>=Model!$B$11,Model!$B$20,0)-IF(94<Model!$B$15,Model!$B$22,0))/(1-Model!$B$9)/(1+Model!$B$18)^94)) | DE8: =IF(A8="","",IF((A8+95)>Model!$B$4,0,MAX(0,Model!$B$6-IF((A8+95)>=Model!$B$11,Model!$B$20,0)-IF(95<Model!$B$15,Model!$B$22,0))/(1-Model!$B$9)/(1+Model!$B$18)^95)) | DF8: =IF(A8="","",IF((A8+96)>Model!$B$4,0,MAX(0,Model!$B$6-IF((A8+96)>=Model!$B$11,Model!$B$20,0)-IF(96<Model!$B$15,Model!$B$22,0))/(1-Model!$B$9)/(1+Model!$B$18)^96)) | DG8: =IF(A8="","",IF((A8+97)>Model!$B$4,0,MAX(0,Model!$B$6-IF((A8+97)>=Model!$B$11,Model!$B$20,0)-IF(97<Model!$B$15,Model!$B$22,0))/(1-Model!$B$9)/(1+Model!$B$18)^97)) | DH8: =IF(A8="","",IF((A8+98)>Model!$B$4,0,MAX(0,Model!$B$6-IF((A8+98)>=Model!$B$11,Model!$B$20,0)-IF(98<Model!$B$15,Model!$B$22,0))/(1-Model!$B$9)/(1+Model!$B$18)^98)) | DI8: =IF(A8="","",IF((A8+99)>Model!$B$4,0,MAX(0,Model!$B$6-IF((A8+99)>=Model!$B$11,Model!$B$20,0)-IF(99<Model!$B$15,Model!$B$22,0))/(1-Model!$B$9)/(1+Model!$B$18)^99)) | DJ8: =IF(A8="","",IF((A8+100)>Model!$B$4,0,MAX(0,Model!$B$6-IF((A8+100)>=Model!$B$11,Model!$B$20,0)-IF(100<Model!$B$15,Model!$B$22,0))/(1-Model!$B$9)/(1+Model!$B$18)^100)) | DK8: =IF(A8="","",IF((A8+101)>Model!$B$4,0,MAX(0,Model!$B$6-IF((A8+101)>=Model!$B$11,Model!$B$20,0)-IF(101<Model!$B$15,Model!$B$22,0))/(1-Model!$B$9)/(1+Model!$B$18)^101)) | DL8: =IF(A8="","",IF((A8+102)>Model!$B$4,0,MAX(0,Model!$B$6-IF((A8+102)>=Model!$B$11,Model!$B$20,0)-IF(102<Model!$B$15,Model!$B$22,0))/(1-Model!$B$9)/(1+Model!$B$18)^102)) | DM8: =IF(A8="","",IF((A8+103)>Model!$B$4,0,MAX(0,Model!$B$6-IF((A8+103)>=Model!$B$11,Model!$B$20,0)-IF(103<Model!$B$15,Model!$B$22,0))/(1-Model!$B$9)/(1+Model!$B$18)^103)) | DN8: =IF(A8="","",IF((A8+104)>Model!$B$4,0,MAX(0,Model!$B$6-IF((A8+104)>=Model!$B$11,Model!$B$20,0)-IF(104<Model!$B$15,Model!$B$22,0))/(1-Model!$B$9)/(1+Model!$B$18)^104)) | DO8: =IF(A8="","",IF((A8+105)>Model!$B$4,0,MAX(0,Model!$B$6-IF((A8+105)>=Model!$B$11,Model!$B$20,0)-IF(105<Model!$B$15,Model!$B$22,0))/(1-Model!$B$9)/(1+Model!$B$18)^105)) | DP8: =IF(A8="","",IF((A8+106)>Model!$B$4,0,MAX(0,Model!$B$6-IF((A8+106)>=Model!$B$11,Model!$B$20,0)-IF(106<Model!$B$15,Model!$B$22,0))/(1-Model!$B$9)/(1+Model!$B$18)^106)) | DQ8: =IF(A8="","",IF((A8+107)>Model!$B$4,0,MAX(0,Model!$B$6-IF((A8+107)>=Model!$B$11,Model!$B$20,0)-IF(107<Model!$B$15,Model!$B$22,0))/(1-Model!$B$9)/(1+Model!$B$18)^107)) | DR8: =IF(A8="","",IF((A8+108)>Model!$B$4,0,MAX(0,Model!$B$6-IF((A8+108)>=Model!$B$11,Model!$B$20,0)-IF(108<Model!$B$15,Model!$B$22,0))/(1-Model!$B$9)/(1+Model!$B$18)^108)) | DS8: =IF(A8="","",IF((A8+109)>Model!$B$4,0,MAX(0,Model!$B$6-IF((A8+109)>=Model!$B$11,Model!$B$20,0)-IF(109<Model!$B$15,Model!$B$22,0))/(1-Model!$B$9)/(1+Model!$B$18)^109)) | DT8: =IF(A8="","",IF((A8+110)>Model!$B$4,0,MAX(0,Model!$B$6-IF((A8+110)>=Model!$B$11,Model!$B$20,0)-IF(110<Model!$B$15,Model!$B$22,0))/(1-Model!$B$9)/(1+Model!$B$18)^110)) | DU8: =IF(A8="","",IF((A8+111)>Model!$B$4,0,MAX(0,Model!$B$6-IF((A8+111)>=Model!$B$11,Model!$B$20,0)-IF(111<Model!$B$15,Model!$B$22,0))/(1-Model!$B$9)/(1+Model!$B$18)^111)) | DV8: =IF(A8="","",IF((A8+112)>Model!$B$4,0,MAX(0,Model!$B$6-IF((A8+112)>=Model!$B$11,Model!$B$20,0)-IF(112<Model!$B$15,Model!$B$22,0))/(1-Model!$B$9)/(1+Model!$B$18)^112)) | DW8: =IF(A8="","",IF((A8+113)>Model!$B$4,0,MAX(0,Model!$B$6-IF((A8+113)>=Model!$B$11,Model!$B$20,0)-IF(113<Model!$B$15,Model!$B$22,0))/(1-Model!$B$9)/(1+Model!$B$18)^113)) | DX8: =IF(A8="","",IF((A8+114)>Model!$B$4,0,MAX(0,Model!$B$6-IF((A8+114)>=Model!$B$11,Model!$B$20,0)-IF(114<Model!$B$15,Model!$B$22,0))/(1-Model!$B$9)/(1+Model!$B$18)^114)) | DY8: =IF(A8="","",IF((A8+115)>Model!$B$4,0,MAX(0,Model!$B$6-IF((A8+115)>=Model!$B$11,Model!$B$20,0)-IF(115<Model!$B$15,Model!$B$22,0))/(1-Model!$B$9)/(1+Model!$B$18)^115)) | DZ8: =IF(A8="","",IF((A8+116)>Model!$B$4,0,MAX(0,Model!$B$6-IF((A8+116)>=Model!$B$11,Model!$B$20,0)-IF(116<Model!$B$15,Model!$B$22,0))/(1-Model!$B$9)/(1+Model!$B$18)^116)) | EA8: =IF(A8="","",IF((A8+117)>Model!$B$4,0,MAX(0,Model!$B$6-IF((A8+117)>=Model!$B$11,Model!$B$20,0)-IF(117<Model!$B$15,Model!$B$22,0))/(1-Model!$B$9)/(1+Model!$B$18)^117)) | EB8: =IF(A8="","",IF((A8+118)>Model!$B$4,0,MAX(0,Model!$B$6-IF((A8+118)>=Model!$B$11,Model!$B$20,0)-IF(118<Model!$B$15,Model!$B$22,0))/(1-Model!$B$9)/(1+Model!$B$18)^118)) | EC8: =IF(A8="","",IF((A8+119)>Model!$B$4,0,MAX(0,Model!$B$6-IF((A8+119)>=Model!$B$11,Model!$B$20,0)-IF(119<Model!$B$15,Model!$B$22,0))/(1-Model!$B$9)/(1+Model!$B$18)^119)) | ED8: =IF(A8="","",IF((A8+120)>Model!$B$4,0,MAX(0,Model!$B$6-IF((A8+120)>=Model!$B$11,Model!$B$20,0)-IF(120<Model!$B$15,Model!$B$22,0))/(1-Model!$B$9)/(1+Model!$B$18)^120))
A9: =IF(Model!$B$10+ROW()-2<=Model!$B$4,Model!$B$10+ROW()-2,"") | B9: =IF(A9="","",A9-Model!$B$10) | C9: =IF(A9="","",Model!$B$5*(1+Model!$B$18)^B9) | D9: =IF(A9="","",SUM(N9:ED9)) | E9: =IF(A9="","",IF(A9>=Model!$B$11,Model!$B$20,0)) | F9: =IF(A9="","",IF(Model!$B$15>0,Model!$B$22,0)) | G9: =IF(A9="","",E9+F9) | H9: =IF(A9="","",MAX(0,Model!$B$6-G9)) | I9: =IF(A9="","",H9/(1-Model!$B$9)) | J9: =IF(A9="","",C9-D9) | K9: =IF(A9="","",C9>=D9) | L9: =IF(A9="","",IF(A9>=Model!$B$11,Model!$B$19*(1+Model!$B$13)^B9,0)) | M9: =IF(A9="","",IF(Model!$B$15>0,Model!$B$21*(1+Model!$B$13)^B9,0)) | N9: =IF(A9="","",IF((A9+0)>Model!$B$4,0,MAX(0,Model!$B$6-IF((A9+0)>=Model!$B$11,Model!$B$20,0)-IF(0<Model!$B$15,Model!$B$22,0))/(1-Model!$B$9)/(1+Model!$B$18)^0)) | O9: =IF(A9="","",IF((A9+1)>Model!$B$4,0,MAX(0,Model!$B$6-IF((A9+1)>=Model!$B$11,Model!$B$20,0)-IF(1<Model!$B$15,Model!$B$22,0))/(1-Model!$B$9)/(1+Model!$B$18)^1)) | P9: =IF(A9="","",IF((A9+2)>Model!$B$4,0,MAX(0,Model!$B$6-IF((A9+2)>=Model!$B$11,Model!$B$20,0)-IF(2<Model!$B$15,Model!$B$22,0))/(1-Model!$B$9)/(1+Model!$B$18)^2)) | Q9: =IF(A9="","",IF((A9+3)>Model!$B$4,0,MAX(0,Model!$B$6-IF((A9+3)>=Model!$B$11,Model!$B$20,0)-IF(3<Model!$B$15,Model!$B$22,0))/(1-Model!$B$9)/(1+Model!$B$18)^3)) | R9: =IF(A9="","",IF((A9+4)>Model!$B$4,0,MAX(0,Model!$B$6-IF((A9+4)>=Model!$B$11,Model!$B$20,0)-IF(4<Model!$B$15,Model!$B$22,0))/(1-Model!$B$9)/(1+Model!$B$18)^4)) | S9: =IF(A9="","",IF((A9+5)>Model!$B$4,0,MAX(0,Model!$B$6-IF((A9+5)>=Model!$B$11,Model!$B$20,0)-IF(5<Model!$B$15,Model!$B$22,0))/(1-Model!$B$9)/(1+Model!$B$18)^5)) | T9: =IF(A9="","",IF((A9+6)>Model!$B$4,0,MAX(0,Model!$B$6-IF((A9+6)>=Model!$B$11,Model!$B$20,0)-IF(6<Model!$B$15,Model!$B$22,0))/(1-Model!$B$9)/(1+Model!$B$18)^6)) | U9: =IF(A9="","",IF((A9+7)>Model!$B$4,0,MAX(0,Model!$B$6-IF((A9+7)>=Model!$B$11,Model!$B$20,0)-IF(7<Model!$B$15,Model!$B$22,0))/(1-Model!$B$9)/(1+Model!$B$18)^7)) | V9: =IF(A9="","",IF((A9+8)>Model!$B$4,0,MAX(0,Model!$B$6-IF((A9+8)>=Model!$B$11,Model!$B$20,0)-IF(8<Model!$B$15,Model!$B$22,0))/(1-Model!$B$9)/(1+Model!$B$18)^8)) | W9: =IF(A9="","",IF((A9+9)>Model!$B$4,0,MAX(0,Model!$B$6-IF((A9+9)>=Model!$B$11,Model!$B$20,0)-IF(9<Model!$B$15,Model!$B$22,0))/(1-Model!$B$9)/(1+Model!$B$18)^9)) | X9: =IF(A9="","",IF((A9+10)>Model!$B$4,0,MAX(0,Model!$B$6-IF((A9+10)>=Model!$B$11,Model!$B$20,0)-IF(10<Model!$B$15,Model!$B$22,0))/(1-Model!$B$9)/(1+Model!$B$18)^10)) | Y9: =IF(A9="","",IF((A9+11)>Model!$B$4,0,MAX(0,Model!$B$6-IF((A9+11)>=Model!$B$11,Model!$B$20,0)-IF(11<Model!$B$15,Model!$B$22,0))/(1-Model!$B$9)/(1+Model!$B$18)^11)) | Z9: =IF(A9="","",IF((A9+12)>Model!$B$4,0,MAX(0,Model!$B$6-IF((A9+12)>=Model!$B$11,Model!$B$20,0)-IF(12<Model!$B$15,Model!$B$22,0))/(1-Model!$B$9)/(1+Model!$B$18)^12)) | AA9: =IF(A9="","",IF((A9+13)>Model!$B$4,0,MAX(0,Model!$B$6-IF((A9+13)>=Model!$B$11,Model!$B$20,0)-IF(13<Model!$B$15,Model!$B$22,0))/(1-Model!$B$9)/(1+Model!$B$18)^13)) | AB9: =IF(A9="","",IF((A9+14)>Model!$B$4,0,MAX(0,Model!$B$6-IF((A9+14)>=Model!$B$11,Model!$B$20,0)-IF(14<Model!$B$15,Model!$B$22,0))/(1-Model!$B$9)/(1+Model!$B$18)^14)) | AC9: =IF(A9="","",IF((A9+15)>Model!$B$4,0,MAX(0,Model!$B$6-IF((A9+15)>=Model!$B$11,Model!$B$20,0)-IF(15<Model!$B$15,Model!$B$22,0))/(1-Model!$B$9)/(1+Model!$B$18)^15)) | AD9: =IF(A9="","",IF((A9+16)>Model!$B$4,0,MAX(0,Model!$B$6-IF((A9+16)>=Model!$B$11,Model!$B$20,0)-IF(16<Model!$B$15,Model!$B$22,0))/(1-Model!$B$9)/(1+Model!$B$18)^16)) | AE9: =IF(A9="","",IF((A9+17)>Model!$B$4,0,MAX(0,Model!$B$6-IF((A9+17)>=Model!$B$11,Model!$B$20,0)-IF(17<Model!$B$15,Model!$B$22,0))/(1-Model!$B$9)/(1+Model!$B$18)^17)) | AF9: =IF(A9="","",IF((A9+18)>Model!$B$4,0,MAX(0,Model!$B$6-IF((A9+18)>=Model!$B$11,Model!$B$20,0)-IF(18<Model!$B$15,Model!$B$22,0))/(1-Model!$B$9)/(1+Model!$B$18)^18)) | AG9: =IF(A9="","",IF((A9+19)>Model!$B$4,0,MAX(0,Model!$B$6-IF((A9+19)>=Model!$B$11,Model!$B$20,0)-IF(19<Model!$B$15,Model!$B$22,0))/(1-Model!$B$9)/(1+Model!$B$18)^19)) | AH9: =IF(A9="","",IF((A9+20)>Model!$B$4,0,MAX(0,Model!$B$6-IF((A9+20)>=Model!$B$11,Model!$B$20,0)-IF(20<Model!$B$15,Model!$B$22,0))/(1-Model!$B$9)/(1+Model!$B$18)^20)) | AI9: =IF(A9="","",IF((A9+21)>Model!$B$4,0,MAX(0,Model!$B$6-IF((A9+21)>=Model!$B$11,Model!$B$20,0)-IF(21<Model!$B$15,Model!$B$22,0))/(1-Model!$B$9)/(1+Model!$B$18)^21)) | AJ9: =IF(A9="","",IF((A9+22)>Model!$B$4,0,MAX(0,Model!$B$6-IF((A9+22)>=Model!$B$11,Model!$B$20,0)-IF(22<Model!$B$15,Model!$B$22,0))/(1-Model!$B$9)/(1+Model!$B$18)^22)) | AK9: =IF(A9="","",IF((A9+23)>Model!$B$4,0,MAX(0,Model!$B$6-IF((A9+23)>=Model!$B$11,Model!$B$20,0)-IF(23<Model!$B$15,Model!$B$22,0))/(1-Model!$B$9)/(1+Model!$B$18)^23)) | AL9: =IF(A9="","",IF((A9+24)>Model!$B$4,0,MAX(0,Model!$B$6-IF((A9+24)>=Model!$B$11,Model!$B$20,0)-IF(24<Model!$B$15,Model!$B$22,0))/(1-Model!$B$9)/(1+Model!$B$18)^24)) | AM9: =IF(A9="","",IF((A9+25)>Model!$B$4,0,MAX(0,Model!$B$6-IF((A9+25)>=Model!$B$11,Model!$B$20,0)-IF(25<Model!$B$15,Model!$B$22,0))/(1-Model!$B$9)/(1+Model!$B$18)^25)) | AN9: =IF(A9="","",IF((A9+26)>Model!$B$4,0,MAX(0,Model!$B$6-IF((A9+26)>=Model!$B$11,Model!$B$20,0)-IF(26<Model!$B$15,Model!$B$22,0))/(1-Model!$B$9)/(1+Model!$B$18)^26)) | AO9: =IF(A9="","",IF((A9+27)>Model!$B$4,0,MAX(0,Model!$B$6-IF((A9+27)>=Model!$B$11,Model!$B$20,0)-IF(27<Model!$B$15,Model!$B$22,0))/(1-Model!$B$9)/(1+Model!$B$18)^27)) | AP9: =IF(A9="","",IF((A9+28)>Model!$B$4,0,MAX(0,Model!$B$6-IF((A9+28)>=Model!$B$11,Model!$B$20,0)-IF(28<Model!$B$15,Model!$B$22,0))/(1-Model!$B$9)/(1+Model!$B$18)^28)) | AQ9: =IF(A9="","",IF((A9+29)>Model!$B$4,0,MAX(0,Model!$B$6-IF((A9+29)>=Model!$B$11,Model!$B$20,0)-IF(29<Model!$B$15,Model!$B$22,0))/(1-Model!$B$9)/(1+Model!$B$18)^29)) | AR9: =IF(A9="","",IF((A9+30)>Model!$B$4,0,MAX(0,Model!$B$6-IF((A9+30)>=Model!$B$11,Model!$B$20,0)-IF(30<Model!$B$15,Model!$B$22,0))/(1-Model!$B$9)/(1+Model!$B$18)^30)) | AS9: =IF(A9="","",IF((A9+31)>Model!$B$4,0,MAX(0,Model!$B$6-IF((A9+31)>=Model!$B$11,Model!$B$20,0)-IF(31<Model!$B$15,Model!$B$22,0))/(1-Model!$B$9)/(1+Model!$B$18)^31)) | AT9: =IF(A9="","",IF((A9+32)>Model!$B$4,0,MAX(0,Model!$B$6-IF((A9+32)>=Model!$B$11,Model!$B$20,0)-IF(32<Model!$B$15,Model!$B$22,0))/(1-Model!$B$9)/(1+Model!$B$18)^32)) | AU9: =IF(A9="","",IF((A9+33)>Model!$B$4,0,MAX(0,Model!$B$6-IF((A9+33)>=Model!$B$11,Model!$B$20,0)-IF(33<Model!$B$15,Model!$B$22,0))/(1-Model!$B$9)/(1+Model!$B$18)^33)) | AV9: =IF(A9="","",IF((A9+34)>Model!$B$4,0,MAX(0,Model!$B$6-IF((A9+34)>=Model!$B$11,Model!$B$20,0)-IF(34<Model!$B$15,Model!$B$22,0))/(1-Model!$B$9)/(1+Model!$B$18)^34)) | AW9: =IF(A9="","",IF((A9+35)>Model!$B$4,0,MAX(0,Model!$B$6-IF((A9+35)>=Model!$B$11,Model!$B$20,0)-IF(35<Model!$B$15,Model!$B$22,0))/(1-Model!$B$9)/(1+Model!$B$18)^35)) | AX9: =IF(A9="","",IF((A9+36)>Model!$B$4,0,MAX(0,Model!$B$6-IF((A9+36)>=Model!$B$11,Model!$B$20,0)-IF(36<Model!$B$15,Model!$B$22,0))/(1-Model!$B$9)/(1+Model!$B$18)^36)) | AY9: =IF(A9="","",IF((A9+37)>Model!$B$4,0,MAX(0,Model!$B$6-IF((A9+37)>=Model!$B$11,Model!$B$20,0)-IF(37<Model!$B$15,Model!$B$22,0))/(1-Model!$B$9)/(1+Model!$B$18)^37)) | AZ9: =IF(A9="","",IF((A9+38)>Model!$B$4,0,MAX(0,Model!$B$6-IF((A9+38)>=Model!$B$11,Model!$B$20,0)-IF(38<Model!$B$15,Model!$B$22,0))/(1-Model!$B$9)/(1+Model!$B$18)^38)) | BA9: =IF(A9="","",IF((A9+39)>Model!$B$4,0,MAX(0,Model!$B$6-IF((A9+39)>=Model!$B$11,Model!$B$20,0)-IF(39<Model!$B$15,Model!$B$22,0))/(1-Model!$B$9)/(1+Model!$B$18)^39)) | BB9: =IF(A9="","",IF((A9+40)>Model!$B$4,0,MAX(0,Model!$B$6-IF((A9+40)>=Model!$B$11,Model!$B$20,0)-IF(40<Model!$B$15,Model!$B$22,0))/(1-Model!$B$9)/(1+Model!$B$18)^40)) | BC9: =IF(A9="","",IF((A9+41)>Model!$B$4,0,MAX(0,Model!$B$6-IF((A9+41)>=Model!$B$11,Model!$B$20,0)-IF(41<Model!$B$15,Model!$B$22,0))/(1-Model!$B$9)/(1+Model!$B$18)^41)) | BD9: =IF(A9="","",IF((A9+42)>Model!$B$4,0,MAX(0,Model!$B$6-IF((A9+42)>=Model!$B$11,Model!$B$20,0)-IF(42<Model!$B$15,Model!$B$22,0))/(1-Model!$B$9)/(1+Model!$B$18)^42)) | BE9: =IF(A9="","",IF((A9+43)>Model!$B$4,0,MAX(0,Model!$B$6-IF((A9+43)>=Model!$B$11,Model!$B$20,0)-IF(43<Model!$B$15,Model!$B$22,0))/(1-Model!$B$9)/(1+Model!$B$18)^43)) | BF9: =IF(A9="","",IF((A9+44)>Model!$B$4,0,MAX(0,Model!$B$6-IF((A9+44)>=Model!$B$11,Model!$B$20,0)-IF(44<Model!$B$15,Model!$B$22,0))/(1-Model!$B$9)/(1+Model!$B$18)^44)) | BG9: =IF(A9="","",IF((A9+45)>Model!$B$4,0,MAX(0,Model!$B$6-IF((A9+45)>=Model!$B$11,Model!$B$20,0)-IF(45<Model!$B$15,Model!$B$22,0))/(1-Model!$B$9)/(1+Model!$B$18)^45)) | BH9: =IF(A9="","",IF((A9+46)>Model!$B$4,0,MAX(0,Model!$B$6-IF((A9+46)>=Model!$B$11,Model!$B$20,0)-IF(46<Model!$B$15,Model!$B$22,0))/(1-Model!$B$9)/(1+Model!$B$18)^46)) | BI9: =IF(A9="","",IF((A9+47)>Model!$B$4,0,MAX(0,Model!$B$6-IF((A9+47)>=Model!$B$11,Model!$B$20,0)-IF(47<Model!$B$15,Model!$B$22,0))/(1-Model!$B$9)/(1+Model!$B$18)^47)) | BJ9: =IF(A9="","",IF((A9+48)>Model!$B$4,0,MAX(0,Model!$B$6-IF((A9+48)>=Model!$B$11,Model!$B$20,0)-IF(48<Model!$B$15,Model!$B$22,0))/(1-Model!$B$9)/(1+Model!$B$18)^48)) | BK9: =IF(A9="","",IF((A9+49)>Model!$B$4,0,MAX(0,Model!$B$6-IF((A9+49)>=Model!$B$11,Model!$B$20,0)-IF(49<Model!$B$15,Model!$B$22,0))/(1-Model!$B$9)/(1+Model!$B$18)^49)) | BL9: =IF(A9="","",IF((A9+50)>Model!$B$4,0,MAX(0,Model!$B$6-IF((A9+50)>=Model!$B$11,Model!$B$20,0)-IF(50<Model!$B$15,Model!$B$22,0))/(1-Model!$B$9)/(1+Model!$B$18)^50)) | BM9: =IF(A9="","",IF((A9+51)>Model!$B$4,0,MAX(0,Model!$B$6-IF((A9+51)>=Model!$B$11,Model!$B$20,0)-IF(51<Model!$B$15,Model!$B$22,0))/(1-Model!$B$9)/(1+Model!$B$18)^51)) | BN9: =IF(A9="","",IF((A9+52)>Model!$B$4,0,MAX(0,Model!$B$6-IF((A9+52)>=Model!$B$11,Model!$B$20,0)-IF(52<Model!$B$15,Model!$B$22,0))/(1-Model!$B$9)/(1+Model!$B$18)^52)) | BO9: =IF(A9="","",IF((A9+53)>Model!$B$4,0,MAX(0,Model!$B$6-IF((A9+53)>=Model!$B$11,Model!$B$20,0)-IF(53<Model!$B$15,Model!$B$22,0))/(1-Model!$B$9)/(1+Model!$B$18)^53)) | BP9: =IF(A9="","",IF((A9+54)>Model!$B$4,0,MAX(0,Model!$B$6-IF((A9+54)>=Model!$B$11,Model!$B$20,0)-IF(54<Model!$B$15,Model!$B$22,0))/(1-Model!$B$9)/(1+Model!$B$18)^54)) | BQ9: =IF(A9="","",IF((A9+55)>Model!$B$4,0,MAX(0,Model!$B$6-IF((A9+55)>=Model!$B$11,Model!$B$20,0)-IF(55<Model!$B$15,Model!$B$22,0))/(1-Model!$B$9)/(1+Model!$B$18)^55)) | BR9: =IF(A9="","",IF((A9+56)>Model!$B$4,0,MAX(0,Model!$B$6-IF((A9+56)>=Model!$B$11,Model!$B$20,0)-IF(56<Model!$B$15,Model!$B$22,0))/(1-Model!$B$9)/(1+Model!$B$18)^56)) | BS9: =IF(A9="","",IF((A9+57)>Model!$B$4,0,MAX(0,Model!$B$6-IF((A9+57)>=Model!$B$11,Model!$B$20,0)-IF(57<Model!$B$15,Model!$B$22,0))/(1-Model!$B$9)/(1+Model!$B$18)^57)) | BT9: =IF(A9="","",IF((A9+58)>Model!$B$4,0,MAX(0,Model!$B$6-IF((A9+58)>=Model!$B$11,Model!$B$20,0)-IF(58<Model!$B$15,Model!$B$22,0))/(1-Model!$B$9)/(1+Model!$B$18)^58)) | BU9: =IF(A9="","",IF((A9+59)>Model!$B$4,0,MAX(0,Model!$B$6-IF((A9+59)>=Model!$B$11,Model!$B$20,0)-IF(59<Model!$B$15,Model!$B$22,0))/(1-Model!$B$9)/(1+Model!$B$18)^59)) | BV9: =IF(A9="","",IF((A9+60)>Model!$B$4,0,MAX(0,Model!$B$6-IF((A9+60)>=Model!$B$11,Model!$B$20,0)-IF(60<Model!$B$15,Model!$B$22,0))/(1-Model!$B$9)/(1+Model!$B$18)^60)) | BW9: =IF(A9="","",IF((A9+61)>Model!$B$4,0,MAX(0,Model!$B$6-IF((A9+61)>=Model!$B$11,Model!$B$20,0)-IF(61<Model!$B$15,Model!$B$22,0))/(1-Model!$B$9)/(1+Model!$B$18)^61)) | BX9: =IF(A9="","",IF((A9+62)>Model!$B$4,0,MAX(0,Model!$B$6-IF((A9+62)>=Model!$B$11,Model!$B$20,0)-IF(62<Model!$B$15,Model!$B$22,0))/(1-Model!$B$9)/(1+Model!$B$18)^62)) | BY9: =IF(A9="","",IF((A9+63)>Model!$B$4,0,MAX(0,Model!$B$6-IF((A9+63)>=Model!$B$11,Model!$B$20,0)-IF(63<Model!$B$15,Model!$B$22,0))/(1-Model!$B$9)/(1+Model!$B$18)^63)) | BZ9: =IF(A9="","",IF((A9+64)>Model!$B$4,0,MAX(0,Model!$B$6-IF((A9+64)>=Model!$B$11,Model!$B$20,0)-IF(64<Model!$B$15,Model!$B$22,0))/(1-Model!$B$9)/(1+Model!$B$18)^64)) | CA9: =IF(A9="","",IF((A9+65)>Model!$B$4,0,MAX(0,Model!$B$6-IF((A9+65)>=Model!$B$11,Model!$B$20,0)-IF(65<Model!$B$15,Model!$B$22,0))/(1-Model!$B$9)/(1+Model!$B$18)^65)) | CB9: =IF(A9="","",IF((A9+66)>Model!$B$4,0,MAX(0,Model!$B$6-IF((A9+66)>=Model!$B$11,Model!$B$20,0)-IF(66<Model!$B$15,Model!$B$22,0))/(1-Model!$B$9)/(1+Model!$B$18)^66)) | CC9: =IF(A9="","",IF((A9+67)>Model!$B$4,0,MAX(0,Model!$B$6-IF((A9+67)>=Model!$B$11,Model!$B$20,0)-IF(67<Model!$B$15,Model!$B$22,0))/(1-Model!$B$9)/(1+Model!$B$18)^67)) | CD9: =IF(A9="","",IF((A9+68)>Model!$B$4,0,MAX(0,Model!$B$6-IF((A9+68)>=Model!$B$11,Model!$B$20,0)-IF(68<Model!$B$15,Model!$B$22,0))/(1-Model!$B$9)/(1+Model!$B$18)^68)) | CE9: =IF(A9="","",IF((A9+69)>Model!$B$4,0,MAX(0,Model!$B$6-IF((A9+69)>=Model!$B$11,Model!$B$20,0)-IF(69<Model!$B$15,Model!$B$22,0))/(1-Model!$B$9)/(1+Model!$B$18)^69)) | CF9: =IF(A9="","",IF((A9+70)>Model!$B$4,0,MAX(0,Model!$B$6-IF((A9+70)>=Model!$B$11,Model!$B$20,0)-IF(70<Model!$B$15,Model!$B$22,0))/(1-Model!$B$9)/(1+Model!$B$18)^70)) | CG9: =IF(A9="","",IF((A9+71)>Model!$B$4,0,MAX(0,Model!$B$6-IF((A9+71)>=Model!$B$11,Model!$B$20,0)-IF(71<Model!$B$15,Model!$B$22,0))/(1-Model!$B$9)/(1+Model!$B$18)^71)) | CH9: =IF(A9="","",IF((A9+72)>Model!$B$4,0,MAX(0,Model!$B$6-IF((A9+72)>=Model!$B$11,Model!$B$20,0)-IF(72<Model!$B$15,Model!$B$22,0))/(1-Model!$B$9)/(1+Model!$B$18)^72)) | CI9: =IF(A9="","",IF((A9+73)>Model!$B$4,0,MAX(0,Model!$B$6-IF((A9+73)>=Model!$B$11,Model!$B$20,0)-IF(73<Model!$B$15,Model!$B$22,0))/(1-Model!$B$9)/(1+Model!$B$18)^73)) | CJ9: =IF(A9="","",IF((A9+74)>Model!$B$4,0,MAX(0,Model!$B$6-IF((A9+74)>=Model!$B$11,Model!$B$20,0)-IF(74<Model!$B$15,Model!$B$22,0))/(1-Model!$B$9)/(1+Model!$B$18)^74)) | CK9: =IF(A9="","",IF((A9+75)>Model!$B$4,0,MAX(0,Model!$B$6-IF((A9+75)>=Model!$B$11,Model!$B$20,0)-IF(75<Model!$B$15,Model!$B$22,0))/(1-Model!$B$9)/(1+Model!$B$18)^75)) | CL9: =IF(A9="","",IF((A9+76)>Model!$B$4,0,MAX(0,Model!$B$6-IF((A9+76)>=Model!$B$11,Model!$B$20,0)-IF(76<Model!$B$15,Model!$B$22,0))/(1-Model!$B$9)/(1+Model!$B$18)^76)) | CM9: =IF(A9="","",IF((A9+77)>Model!$B$4,0,MAX(0,Model!$B$6-IF((A9+77)>=Model!$B$11,Model!$B$20,0)-IF(77<Model!$B$15,Model!$B$22,0))/(1-Model!$B$9)/(1+Model!$B$18)^77)) | CN9: =IF(A9="","",IF((A9+78)>Model!$B$4,0,MAX(0,Model!$B$6-IF((A9+78)>=Model!$B$11,Model!$B$20,0)-IF(78<Model!$B$15,Model!$B$22,0))/(1-Model!$B$9)/(1+Model!$B$18)^78)) | CO9: =IF(A9="","",IF((A9+79)>Model!$B$4,0,MAX(0,Model!$B$6-IF((A9+79)>=Model!$B$11,Model!$B$20,0)-IF(79<Model!$B$15,Model!$B$22,0))/(1-Model!$B$9)/(1+Model!$B$18)^79)) | CP9: =IF(A9="","",IF((A9+80)>Model!$B$4,0,MAX(0,Model!$B$6-IF((A9+80)>=Model!$B$11,Model!$B$20,0)-IF(80<Model!$B$15,Model!$B$22,0))/(1-Model!$B$9)/(1+Model!$B$18)^80)) | CQ9: =IF(A9="","",IF((A9+81)>Model!$B$4,0,MAX(0,Model!$B$6-IF((A9+81)>=Model!$B$11,Model!$B$20,0)-IF(81<Model!$B$15,Model!$B$22,0))/(1-Model!$B$9)/(1+Model!$B$18)^81)) | CR9: =IF(A9="","",IF((A9+82)>Model!$B$4,0,MAX(0,Model!$B$6-IF((A9+82)>=Model!$B$11,Model!$B$20,0)-IF(82<Model!$B$15,Model!$B$22,0))/(1-Model!$B$9)/(1+Model!$B$18)^82)) | CS9: =IF(A9="","",IF((A9+83)>Model!$B$4,0,MAX(0,Model!$B$6-IF((A9+83)>=Model!$B$11,Model!$B$20,0)-IF(83<Model!$B$15,Model!$B$22,0))/(1-Model!$B$9)/(1+Model!$B$18)^83)) | CT9: =IF(A9="","",IF((A9+84)>Model!$B$4,0,MAX(0,Model!$B$6-IF((A9+84)>=Model!$B$11,Model!$B$20,0)-IF(84<Model!$B$15,Model!$B$22,0))/(1-Model!$B$9)/(1+Model!$B$18)^84)) | CU9: =IF(A9="","",IF((A9+85)>Model!$B$4,0,MAX(0,Model!$B$6-IF((A9+85)>=Model!$B$11,Model!$B$20,0)-IF(85<Model!$B$15,Model!$B$22,0))/(1-Model!$B$9)/(1+Model!$B$18)^85)) | CV9: =IF(A9="","",IF((A9+86)>Model!$B$4,0,MAX(0,Model!$B$6-IF((A9+86)>=Model!$B$11,Model!$B$20,0)-IF(86<Model!$B$15,Model!$B$22,0))/(1-Model!$B$9)/(1+Model!$B$18)^86)) | CW9: =IF(A9="","",IF((A9+87)>Model!$B$4,0,MAX(0,Model!$B$6-IF((A9+87)>=Model!$B$11,Model!$B$20,0)-IF(87<Model!$B$15,Model!$B$22,0))/(1-Model!$B$9)/(1+Model!$B$18)^87)) | CX9: =IF(A9="","",IF((A9+88)>Model!$B$4,0,MAX(0,Model!$B$6-IF((A9+88)>=Model!$B$11,Model!$B$20,0)-IF(88<Model!$B$15,Model!$B$22,0))/(1-Model!$B$9)/(1+Model!$B$18)^88)) | CY9: =IF(A9="","",IF((A9+89)>Model!$B$4,0,MAX(0,Model!$B$6-IF((A9+89)>=Model!$B$11,Model!$B$20,0)-IF(89<Model!$B$15,Model!$B$22,0))/(1-Model!$B$9)/(1+Model!$B$18)^89)) | CZ9: =IF(A9="","",IF((A9+90)>Model!$B$4,0,MAX(0,Model!$B$6-IF((A9+90)>=Model!$B$11,Model!$B$20,0)-IF(90<Model!$B$15,Model!$B$22,0))/(1-Model!$B$9)/(1+Model!$B$18)^90)) | DA9: =IF(A9="","",IF((A9+91)>Model!$B$4,0,MAX(0,Model!$B$6-IF((A9+91)>=Model!$B$11,Model!$B$20,0)-IF(91<Model!$B$15,Model!$B$22,0))/(1-Model!$B$9)/(1+Model!$B$18)^91)) | DB9: =IF(A9="","",IF((A9+92)>Model!$B$4,0,MAX(0,Model!$B$6-IF((A9+92)>=Model!$B$11,Model!$B$20,0)-IF(92<Model!$B$15,Model!$B$22,0))/(1-Model!$B$9)/(1+Model!$B$18)^92)) | DC9: =IF(A9="","",IF((A9+93)>Model!$B$4,0,MAX(0,Model!$B$6-IF((A9+93)>=Model!$B$11,Model!$B$20,0)-IF(93<Model!$B$15,Model!$B$22,0))/(1-Model!$B$9)/(1+Model!$B$18)^93)) | DD9: =IF(A9="","",IF((A9+94)>Model!$B$4,0,MAX(0,Model!$B$6-IF((A9+94)>=Model!$B$11,Model!$B$20,0)-IF(94<Model!$B$15,Model!$B$22,0))/(1-Model!$B$9)/(1+Model!$B$18)^94)) | DE9: =IF(A9="","",IF((A9+95)>Model!$B$4,0,MAX(0,Model!$B$6-IF((A9+95)>=Model!$B$11,Model!$B$20,0)-IF(95<Model!$B$15,Model!$B$22,0))/(1-Model!$B$9)/(1+Model!$B$18)^95)) | DF9: =IF(A9="","",IF((A9+96)>Model!$B$4,0,MAX(0,Model!$B$6-IF((A9+96)>=Model!$B$11,Model!$B$20,0)-IF(96<Model!$B$15,Model!$B$22,0))/(1-Model!$B$9)/(1+Model!$B$18)^96)) | DG9: =IF(A9="","",IF((A9+97)>Model!$B$4,0,MAX(0,Model!$B$6-IF((A9+97)>=Model!$B$11,Model!$B$20,0)-IF(97<Model!$B$15,Model!$B$22,0))/(1-Model!$B$9)/(1+Model!$B$18)^97)) | DH9: =IF(A9="","",IF((A9+98)>Model!$B$4,0,MAX(0,Model!$B$6-IF((A9+98)>=Model!$B$11,Model!$B$20,0)-IF(98<Model!$B$15,Model!$B$22,0))/(1-Model!$B$9)/(1+Model!$B$18)^98)) | DI9: =IF(A9="","",IF((A9+99)>Model!$B$4,0,MAX(0,Model!$B$6-IF((A9+99)>=Model!$B$11,Model!$B$20,0)-IF(99<Model!$B$15,Model!$B$22,0))/(1-Model!$B$9)/(1+Model!$B$18)^99)) | DJ9: =IF(A9="","",IF((A9+100)>Model!$B$4,0,MAX(0,Model!$B$6-IF((A9+100)>=Model!$B$11,Model!$B$20,0)-IF(100<Model!$B$15,Model!$B$22,0))/(1-Model!$B$9)/(1+Model!$B$18)^100)) | DK9: =IF(A9="","",IF((A9+101)>Model!$B$4,0,MAX(0,Model!$B$6-IF((A9+101)>=Model!$B$11,Model!$B$20,0)-IF(101<Model!$B$15,Model!$B$22,0))/(1-Model!$B$9)/(1+Model!$B$18)^101)) | DL9: =IF(A9="","",IF((A9+102)>Model!$B$4,0,MAX(0,Model!$B$6-IF((A9+102)>=Model!$B$11,Model!$B$20,0)-IF(102<Model!$B$15,Model!$B$22,0))/(1-Model!$B$9)/(1+Model!$B$18)^102)) | DM9: =IF(A9="","",IF((A9+103)>Model!$B$4,0,MAX(0,Model!$B$6-IF((A9+103)>=Model!$B$11,Model!$B$20,0)-IF(103<Model!$B$15,Model!$B$22,0))/(1-Model!$B$9)/(1+Model!$B$18)^103)) | DN9: =IF(A9="","",IF((A9+104)>Model!$B$4,0,MAX(0,Model!$B$6-IF((A9+104)>=Model!$B$11,Model!$B$20,0)-IF(104<Model!$B$15,Model!$B$22,0))/(1-Model!$B$9)/(1+Model!$B$18)^104)) | DO9: =IF(A9="","",IF((A9+105)>Model!$B$4,0,MAX(0,Model!$B$6-IF((A9+105)>=Model!$B$11,Model!$B$20,0)-IF(105<Model!$B$15,Model!$B$22,0))/(1-Model!$B$9)/(1+Model!$B$18)^105)) | DP9: =IF(A9="","",IF((A9+106)>Model!$B$4,0,MAX(0,Model!$B$6-IF((A9+106)>=Model!$B$11,Model!$B$20,0)-IF(106<Model!$B$15,Model!$B$22,0))/(1-Model!$B$9)/(1+Model!$B$18)^106)) | DQ9: =IF(A9="","",IF((A9+107)>Model!$B$4,0,MAX(0,Model!$B$6-IF((A9+107)>=Model!$B$11,Model!$B$20,0)-IF(107<Model!$B$15,Model!$B$22,0))/(1-Model!$B$9)/(1+Model!$B$18)^107)) | DR9: =IF(A9="","",IF((A9+108)>Model!$B$4,0,MAX(0,Model!$B$6-IF((A9+108)>=Model!$B$11,Model!$B$20,0)-IF(108<Model!$B$15,Model!$B$22,0))/(1-Model!$B$9)/(1+Model!$B$18)^108)) | DS9: =IF(A9="","",IF((A9+109)>Model!$B$4,0,MAX(0,Model!$B$6-IF((A9+109)>=Model!$B$11,Model!$B$20,0)-IF(109<Model!$B$15,Model!$B$22,0))/(1-Model!$B$9)/(1+Model!$B$18)^109)) | DT9: =IF(A9="","",IF((A9+110)>Model!$B$4,0,MAX(0,Model!$B$6-IF((A9+110)>=Model!$B$11,Model!$B$20,0)-IF(110<Model!$B$15,Model!$B$22,0))/(1-Model!$B$9)/(1+Model!$B$18)^110)) | DU9: =IF(A9="","",IF((A9+111)>Model!$B$4,0,MAX(0,Model!$B$6-IF((A9+111)>=Model!$B$11,Model!$B$20,0)-IF(111<Model!$B$15,Model!$B$22,0))/(1-Model!$B$9)/(1+Model!$B$18)^111)) | DV9: =IF(A9="","",IF((A9+112)>Model!$B$4,0,MAX(0,Model!$B$6-IF((A9+112)>=Model!$B$11,Model!$B$20,0)-IF(112<Model!$B$15,Model!$B$22,0))/(1-Model!$B$9)/(1+Model!$B$18)^112)) | DW9: =IF(A9="","",IF((A9+113)>Model!$B$4,0,MAX(0,Model!$B$6-IF((A9+113)>=Model!$B$11,Model!$B$20,0)-IF(113<Model!$B$15,Model!$B$22,0))/(1-Model!$B$9)/(1+Model!$B$18)^113)) | DX9: =IF(A9="","",IF((A9+114)>Model!$B$4,0,MAX(0,Model!$B$6-IF((A9+114)>=Model!$B$11,Model!$B$20,0)-IF(114<Model!$B$15,Model!$B$22,0))/(1-Model!$B$9)/(1+Model!$B$18)^114)) | DY9: =IF(A9="","",IF((A9+115)>Model!$B$4,0,MAX(0,Model!$B$6-IF((A9+115)>=Model!$B$11,Model!$B$20,0)-IF(115<Model!$B$15,Model!$B$22,0))/(1-Model!$B$9)/(1+Model!$B$18)^115)) | DZ9: =IF(A9="","",IF((A9+116)>Model!$B$4,0,MAX(0,Model!$B$6-IF((A9+116)>=Model!$B$11,Model!$B$20,0)-IF(116<Model!$B$15,Model!$B$22,0))/(1-Model!$B$9)/(1+Model!$B$18)^116)) | EA9: =IF(A9="","",IF((A9+117)>Model!$B$4,0,MAX(0,Model!$B$6-IF((A9+117)>=Model!$B$11,Model!$B$20,0)-IF(117<Model!$B$15,Model!$B$22,0))/(1-Model!$B$9)/(1+Model!$B$18)^117)) | EB9: =IF(A9="","",IF((A9+118)>Model!$B$4,0,MAX(0,Model!$B$6-IF((A9+118)>=Model!$B$11,Model!$B$20,0)-IF(118<Model!$B$15,Model!$B$22,0))/(1-Model!$B$9)/(1+Model!$B$18)^118)) | EC9: =IF(A9="","",IF((A9+119)>Model!$B$4,0,MAX(0,Model!$B$6-IF((A9+119)>=Model!$B$11,Model!$B$20,0)-IF(119<Model!$B$15,Model!$B$22,0))/(1-Model!$B$9)/(1+Model!$B$18)^119)) | ED9: =IF(A9="","",IF((A9+120)>Model!$B$4,0,MAX(0,Model!$B$6-IF((A9+120)>=Model!$B$11,Model!$B$20,0)-IF(120<Model!$B$15,Model!$B$22,0))/(1-Model!$B$9)/(1+Model!$B$18)^120))
A10: =IF(Model!$B$10+ROW()-2<=Model!$B$4,Model!$B$10+ROW()-2,"") | B10: =IF(A10="","",A10-Model!$B$10) | C10: =IF(A10="","",Model!$B$5*(1+Model!$B$18)^B10) | D10: =IF(A10="","",SUM(N10:ED10)) | E10: =IF(A10="","",IF(A10>=Model!$B$11,Model!$B$20,0)) | F10: =IF(A10="","",IF(Model!$B$15>0,Model!$B$22,0)) | G10: =IF(A10="","",E10+F10) | H10: =IF(A10="","",MAX(0,Model!$B$6-G10)) | I10: =IF(A10="","",H10/(1-Model!$B$9)) | J10: =IF(A10="","",C10-D10) | K10: =IF(A10="","",C10>=D10) | L10: =IF(A10="","",IF(A10>=Model!$B$11,Model!$B$19*(1+Model!$B$13)^B10,0)) | M10: =IF(A10="","",IF(Model!$B$15>0,Model!$B$21*(1+Model!$B$13)^B10,0)) | N10: =IF(A10="","",IF((A10+0)>Model!$B$4,0,MAX(0,Model!$B$6-IF((A10+0)>=Model!$B$11,Model!$B$20,0)-IF(0<Model!$B$15,Model!$B$22,0))/(1-Model!$B$9)/(1+Model!$B$18)^0)) | O10: =IF(A10="","",IF((A10+1)>Model!$B$4,0,MAX(0,Model!$B$6-IF((A10+1)>=Model!$B$11,Model!$B$20,0)-IF(1<Model!$B$15,Model!$B$22,0))/(1-Model!$B$9)/(1+Model!$B$18)^1)) | P10: =IF(A10="","",IF((A10+2)>Model!$B$4,0,MAX(0,Model!$B$6-IF((A10+2)>=Model!$B$11,Model!$B$20,0)-IF(2<Model!$B$15,Model!$B$22,0))/(1-Model!$B$9)/(1+Model!$B$18)^2)) | Q10: =IF(A10="","",IF((A10+3)>Model!$B$4,0,MAX(0,Model!$B$6-IF((A10+3)>=Model!$B$11,Model!$B$20,0)-IF(3<Model!$B$15,Model!$B$22,0))/(1-Model!$B$9)/(1+Model!$B$18)^3)) | R10: =IF(A10="","",IF((A10+4)>Model!$B$4,0,MAX(0,Model!$B$6-IF((A10+4)>=Model!$B$11,Model!$B$20,0)-IF(4<Model!$B$15,Model!$B$22,0))/(1-Model!$B$9)/(1+Model!$B$18)^4)) | S10: =IF(A10="","",IF((A10+5)>Model!$B$4,0,MAX(0,Model!$B$6-IF((A10+5)>=Model!$B$11,Model!$B$20,0)-IF(5<Model!$B$15,Model!$B$22,0))/(1-Model!$B$9)/(1+Model!$B$18)^5)) | T10: =IF(A10="","",IF((A10+6)>Model!$B$4,0,MAX(0,Model!$B$6-IF((A10+6)>=Model!$B$11,Model!$B$20,0)-IF(6<Model!$B$15,Model!$B$22,0))/(1-Model!$B$9)/(1+Model!$B$18)^6)) | U10: =IF(A10="","",IF((A10+7)>Model!$B$4,0,MAX(0,Model!$B$6-IF((A10+7)>=Model!$B$11,Model!$B$20,0)-IF(7<Model!$B$15,Model!$B$22,0))/(1-Model!$B$9)/(1+Model!$B$18)^7)) | V10: =IF(A10="","",IF((A10+8)>Model!$B$4,0,MAX(0,Model!$B$6-IF((A10+8)>=Model!$B$11,Model!$B$20,0)-IF(8<Model!$B$15,Model!$B$22,0))/(1-Model!$B$9)/(1+Model!$B$18)^8)) | W10: =IF(A10="","",IF((A10+9)>Model!$B$4,0,MAX(0,Model!$B$6-IF((A10+9)>=Model!$B$11,Model!$B$20,0)-IF(9<Model!$B$15,Model!$B$22,0))/(1-Model!$B$9)/(1+Model!$B$18)^9)) | X10: =IF(A10="","",IF((A10+10)>Model!$B$4,0,MAX(0,Model!$B$6-IF((A10+10)>=Model!$B$11,Model!$B$20,0)-IF(10<Model!$B$15,Model!$B$22,0))/(1-Model!$B$9)/(1+Model!$B$18)^10)) | Y10: =IF(A10="","",IF((A10+11)>Model!$B$4,0,MAX(0,Model!$B$6-IF((A10+11)>=Model!$B$11,Model!$B$20,0)-IF(11<Model!$B$15,Model!$B$22,0))/(1-Model!$B$9)/(1+Model!$B$18)^11)) | Z10: =IF(A10="","",IF((A10+12)>Model!$B$4,0,MAX(0,Model!$B$6-IF((A10+12)>=Model!$B$11,Model!$B$20,0)-IF(12<Model!$B$15,Model!$B$22,0))/(1-Model!$B$9)/(1+Model!$B$18)^12)) | AA10: =IF(A10="","",IF((A10+13)>Model!$B$4,0,MAX(0,Model!$B$6-IF((A10+13)>=Model!$B$11,Model!$B$20,0)-IF(13<Model!$B$15,Model!$B$22,0))/(1-Model!$B$9)/(1+Model!$B$18)^13)) | AB10: =IF(A10="","",IF((A10+14)>Model!$B$4,0,MAX(0,Model!$B$6-IF((A10+14)>=Model!$B$11,Model!$B$20,0)-IF(14<Model!$B$15,Model!$B$22,0))/(1-Model!$B$9)/(1+Model!$B$18)^14)) | AC10: =IF(A10="","",IF((A10+15)>Model!$B$4,0,MAX(0,Model!$B$6-IF((A10+15)>=Model!$B$11,Model!$B$20,0)-IF(15<Model!$B$15,Model!$B$22,0))/(1-Model!$B$9)/(1+Model!$B$18)^15)) | AD10: =IF(A10="","",IF((A10+16)>Model!$B$4,0,MAX(0,Model!$B$6-IF((A10+16)>=Model!$B$11,Model!$B$20,0)-IF(16<Model!$B$15,Model!$B$22,0))/(1-Model!$B$9)/(1+Model!$B$18)^16)) | AE10: =IF(A10="","",IF((A10+17)>Model!$B$4,0,MAX(0,Model!$B$6-IF((A10+17)>=Model!$B$11,Model!$B$20,0)-IF(17<Model!$B$15,Model!$B$22,0))/(1-Model!$B$9)/(1+Model!$B$18)^17)) | AF10: =IF(A10="","",IF((A10+18)>Model!$B$4,0,MAX(0,Model!$B$6-IF((A10+18)>=Model!$B$11,Model!$B$20,0)-IF(18<Model!$B$15,Model!$B$22,0))/(1-Model!$B$9)/(1+Model!$B$18)^18)) | AG10: =IF(A10="","",IF((A10+19)>Model!$B$4,0,MAX(0,Model!$B$6-IF((A10+19)>=Model!$B$11,Model!$B$20,0)-IF(19<Model!$B$15,Model!$B$22,0))/(1-Model!$B$9)/(1+Model!$B$18)^19)) | AH10: =IF(A10="","",IF((A10+20)>Model!$B$4,0,MAX(0,Model!$B$6-IF((A10+20)>=Model!$B$11,Model!$B$20,0)-IF(20<Model!$B$15,Model!$B$22,0))/(1-Model!$B$9)/(1+Model!$B$18)^20)) | AI10: =IF(A10="","",IF((A10+21)>Model!$B$4,0,MAX(0,Model!$B$6-IF((A10+21)>=Model!$B$11,Model!$B$20,0)-IF(21<Model!$B$15,Model!$B$22,0))/(1-Model!$B$9)/(1+Model!$B$18)^21)) | AJ10: =IF(A10="","",IF((A10+22)>Model!$B$4,0,MAX(0,Model!$B$6-IF((A10+22)>=Model!$B$11,Model!$B$20,0)-IF(22<Model!$B$15,Model!$B$22,0))/(1-Model!$B$9)/(1+Model!$B$18)^22)) | AK10: =IF(A10="","",IF((A10+23)>Model!$B$4,0,MAX(0,Model!$B$6-IF((A10+23)>=Model!$B$11,Model!$B$20,0)-IF(23<Model!$B$15,Model!$B$22,0))/(1-Model!$B$9)/(1+Model!$B$18)^23)) | AL10: =IF(A10="","",IF((A10+24)>Model!$B$4,0,MAX(0,Model!$B$6-IF((A10+24)>=Model!$B$11,Model!$B$20,0)-IF(24<Model!$B$15,Model!$B$22,0))/(1-Model!$B$9)/(1+Model!$B$18)^24)) | AM10: =IF(A10="","",IF((A10+25)>Model!$B$4,0,MAX(0,Model!$B$6-IF((A10+25)>=Model!$B$11,Model!$B$20,0)-IF(25<Model!$B$15,Model!$B$22,0))/(1-Model!$B$9)/(1+Model!$B$18)^25)) | AN10: =IF(A10="","",IF((A10+26)>Model!$B$4,0,MAX(0,Model!$B$6-IF((A10+26)>=Model!$B$11,Model!$B$20,0)-IF(26<Model!$B$15,Model!$B$22,0))/(1-Model!$B$9)/(1+Model!$B$18)^26)) | AO10: =IF(A10="","",IF((A10+27)>Model!$B$4,0,MAX(0,Model!$B$6-IF((A10+27)>=Model!$B$11,Model!$B$20,0)-IF(27<Model!$B$15,Model!$B$22,0))/(1-Model!$B$9)/(1+Model!$B$18)^27)) | AP10: =IF(A10="","",IF((A10+28)>Model!$B$4,0,MAX(0,Model!$B$6-IF((A10+28)>=Model!$B$11,Model!$B$20,0)-IF(28<Model!$B$15,Model!$B$22,0))/(1-Model!$B$9)/(1+Model!$B$18)^28)) | AQ10: =IF(A10="","",IF((A10+29)>Model!$B$4,0,MAX(0,Model!$B$6-IF((A10+29)>=Model!$B$11,Model!$B$20,0)-IF(29<Model!$B$15,Model!$B$22,0))/(1-Model!$B$9)/(1+Model!$B$18)^29)) | AR10: =IF(A10="","",IF((A10+30)>Model!$B$4,0,MAX(0,Model!$B$6-IF((A10+30)>=Model!$B$11,Model!$B$20,0)-IF(30<Model!$B$15,Model!$B$22,0))/(1-Model!$B$9)/(1+Model!$B$18)^30)) | AS10: =IF(A10="","",IF((A10+31)>Model!$B$4,0,MAX(0,Model!$B$6-IF((A10+31)>=Model!$B$11,Model!$B$20,0)-IF(31<Model!$B$15,Model!$B$22,0))/(1-Model!$B$9)/(1+Model!$B$18)^31)) | AT10: =IF(A10="","",IF((A10+32)>Model!$B$4,0,MAX(0,Model!$B$6-IF((A10+32)>=Model!$B$11,Model!$B$20,0)-IF(32<Model!$B$15,Model!$B$22,0))/(1-Model!$B$9)/(1+Model!$B$18)^32)) | AU10: =IF(A10="","",IF((A10+33)>Model!$B$4,0,MAX(0,Model!$B$6-IF((A10+33)>=Model!$B$11,Model!$B$20,0)-IF(33<Model!$B$15,Model!$B$22,0))/(1-Model!$B$9)/(1+Model!$B$18)^33)) | AV10: =IF(A10="","",IF((A10+34)>Model!$B$4,0,MAX(0,Model!$B$6-IF((A10+34)>=Model!$B$11,Model!$B$20,0)-IF(34<Model!$B$15,Model!$B$22,0))/(1-Model!$B$9)/(1+Model!$B$18)^34)) | AW10: =IF(A10="","",IF((A10+35)>Model!$B$4,0,MAX(0,Model!$B$6-IF((A10+35)>=Model!$B$11,Model!$B$20,0)-IF(35<Model!$B$15,Model!$B$22,0))/(1-Model!$B$9)/(1+Model!$B$18)^35)) | AX10: =IF(A10="","",IF((A10+36)>Model!$B$4,0,MAX(0,Model!$B$6-IF((A10+36)>=Model!$B$11,Model!$B$20,0)-IF(36<Model!$B$15,Model!$B$22,0))/(1-Model!$B$9)/(1+Model!$B$18)^36)) | AY10: =IF(A10="","",IF((A10+37)>Model!$B$4,0,MAX(0,Model!$B$6-IF((A10+37)>=Model!$B$11,Model!$B$20,0)-IF(37<Model!$B$15,Model!$B$22,0))/(1-Model!$B$9)/(1+Model!$B$18)^37)) | AZ10: =IF(A10="","",IF((A10+38)>Model!$B$4,0,MAX(0,Model!$B$6-IF((A10+38)>=Model!$B$11,Model!$B$20,0)-IF(38<Model!$B$15,Model!$B$22,0))/(1-Model!$B$9)/(1+Model!$B$18)^38)) | BA10: =IF(A10="","",IF((A10+39)>Model!$B$4,0,MAX(0,Model!$B$6-IF((A10+39)>=Model!$B$11,Model!$B$20,0)-IF(39<Model!$B$15,Model!$B$22,0))/(1-Model!$B$9)/(1+Model!$B$18)^39)) | BB10: =IF(A10="","",IF((A10+40)>Model!$B$4,0,MAX(0,Model!$B$6-IF((A10+40)>=Model!$B$11,Model!$B$20,0)-IF(40<Model!$B$15,Model!$B$22,0))/(1-Model!$B$9)/(1+Model!$B$18)^40)) | BC10: =IF(A10="","",IF((A10+41)>Model!$B$4,0,MAX(0,Model!$B$6-IF((A10+41)>=Model!$B$11,Model!$B$20,0)-IF(41<Model!$B$15,Model!$B$22,0))/(1-Model!$B$9)/(1+Model!$B$18)^41)) | BD10: =IF(A10="","",IF((A10+42)>Model!$B$4,0,MAX(0,Model!$B$6-IF((A10+42)>=Model!$B$11,Model!$B$20,0)-IF(42<Model!$B$15,Model!$B$22,0))/(1-Model!$B$9)/(1+Model!$B$18)^42)) | BE10: =IF(A10="","",IF((A10+43)>Model!$B$4,0,MAX(0,Model!$B$6-IF((A10+43)>=Model!$B$11,Model!$B$20,0)-IF(43<Model!$B$15,Model!$B$22,0))/(1-Model!$B$9)/(1+Model!$B$18)^43)) | BF10: =IF(A10="","",IF((A10+44)>Model!$B$4,0,MAX(0,Model!$B$6-IF((A10+44)>=Model!$B$11,Model!$B$20,0)-IF(44<Model!$B$15,Model!$B$22,0))/(1-Model!$B$9)/(1+Model!$B$18)^44)) | BG10: =IF(A10="","",IF((A10+45)>Model!$B$4,0,MAX(0,Model!$B$6-IF((A10+45)>=Model!$B$11,Model!$B$20,0)-IF(45<Model!$B$15,Model!$B$22,0))/(1-Model!$B$9)/(1+Model!$B$18)^45)) | BH10: =IF(A10="","",IF((A10+46)>Model!$B$4,0,MAX(0,Model!$B$6-IF((A10+46)>=Model!$B$11,Model!$B$20,0)-IF(46<Model!$B$15,Model!$B$22,0))/(1-Model!$B$9)/(1+Model!$B$18)^46)) | BI10: =IF(A10="","",IF((A10+47)>Model!$B$4,0,MAX(0,Model!$B$6-IF((A10+47)>=Model!$B$11,Model!$B$20,0)-IF(47<Model!$B$15,Model!$B$22,0))/(1-Model!$B$9)/(1+Model!$B$18)^47)) | BJ10: =IF(A10="","",IF((A10+48)>Model!$B$4,0,MAX(0,Model!$B$6-IF((A10+48)>=Model!$B$11,Model!$B$20,0)-IF(48<Model!$B$15,Model!$B$22,0))/(1-Model!$B$9)/(1+Model!$B$18)^48)) | BK10: =IF(A10="","",IF((A10+49)>Model!$B$4,0,MAX(0,Model!$B$6-IF((A10+49)>=Model!$B$11,Model!$B$20,0)-IF(49<Model!$B$15,Model!$B$22,0))/(1-Model!$B$9)/(1+Model!$B$18)^49)) | BL10: =IF(A10="","",IF((A10+50)>Model!$B$4,0,MAX(0,Model!$B$6-IF((A10+50)>=Model!$B$11,Model!$B$20,0)-IF(50<Model!$B$15,Model!$B$22,0))/(1-Model!$B$9)/(1+Model!$B$18)^50)) | BM10: =IF(A10="","",IF((A10+51)>Model!$B$4,0,MAX(0,Model!$B$6-IF((A10+51)>=Model!$B$11,Model!$B$20,0)-IF(51<Model!$B$15,Model!$B$22,0))/(1-Model!$B$9)/(1+Model!$B$18)^51)) | BN10: =IF(A10="","",IF((A10+52)>Model!$B$4,0,MAX(0,Model!$B$6-IF((A10+52)>=Model!$B$11,Model!$B$20,0)-IF(52<Model!$B$15,Model!$B$22,0))/(1-Model!$B$9)/(1+Model!$B$18)^52)) | BO10: =IF(A10="","",IF((A10+53)>Model!$B$4,0,MAX(0,Model!$B$6-IF((A10+53)>=Model!$B$11,Model!$B$20,0)-IF(53<Model!$B$15,Model!$B$22,0))/(1-Model!$B$9)/(1+Model!$B$18)^53)) | BP10: =IF(A10="","",IF((A10+54)>Model!$B$4,0,MAX(0,Model!$B$6-IF((A10+54)>=Model!$B$11,Model!$B$20,0)-IF(54<Model!$B$15,Model!$B$22,0))/(1-Model!$B$9)/(1+Model!$B$18)^54)) | BQ10: =IF(A10="","",IF((A10+55)>Model!$B$4,0,MAX(0,Model!$B$6-IF((A10+55)>=Model!$B$11,Model!$B$20,0)-IF(55<Model!$B$15,Model!$B$22,0))/(1-Model!$B$9)/(1+Model!$B$18)^55)) | BR10: =IF(A10="","",IF((A10+56)>Model!$B$4,0,MAX(0,Model!$B$6-IF((A10+56)>=Model!$B$11,Model!$B$20,0)-IF(56<Model!$B$15,Model!$B$22,0))/(1-Model!$B$9)/(1+Model!$B$18)^56)) | BS10: =IF(A10="","",IF((A10+57)>Model!$B$4,0,MAX(0,Model!$B$6-IF((A10+57)>=Model!$B$11,Model!$B$20,0)-IF(57<Model!$B$15,Model!$B$22,0))/(1-Model!$B$9)/(1+Model!$B$18)^57)) | BT10: =IF(A10="","",IF((A10+58)>Model!$B$4,0,MAX(0,Model!$B$6-IF((A10+58)>=Model!$B$11,Model!$B$20,0)-IF(58<Model!$B$15,Model!$B$22,0))/(1-Model!$B$9)/(1+Model!$B$18)^58)) | BU10: =IF(A10="","",IF((A10+59)>Model!$B$4,0,MAX(0,Model!$B$6-IF((A10+59)>=Model!$B$11,Model!$B$20,0)-IF(59<Model!$B$15,Model!$B$22,0))/(1-Model!$B$9)/(1+Model!$B$18)^59)) | BV10: =IF(A10="","",IF((A10+60)>Model!$B$4,0,MAX(0,Model!$B$6-IF((A10+60)>=Model!$B$11,Model!$B$20,0)-IF(60<Model!$B$15,Model!$B$22,0))/(1-Model!$B$9)/(1+Model!$B$18)^60)) | BW10: =IF(A10="","",IF((A10+61)>Model!$B$4,0,MAX(0,Model!$B$6-IF((A10+61)>=Model!$B$11,Model!$B$20,0)-IF(61<Model!$B$15,Model!$B$22,0))/(1-Model!$B$9)/(1+Model!$B$18)^61)) | BX10: =IF(A10="","",IF((A10+62)>Model!$B$4,0,MAX(0,Model!$B$6-IF((A10+62)>=Model!$B$11,Model!$B$20,0)-IF(62<Model!$B$15,Model!$B$22,0))/(1-Model!$B$9)/(1+Model!$B$18)^62)) | BY10: =IF(A10="","",IF((A10+63)>Model!$B$4,0,MAX(0,Model!$B$6-IF((A10+63)>=Model!$B$11,Model!$B$20,0)-IF(63<Model!$B$15,Model!$B$22,0))/(1-Model!$B$9)/(1+Model!$B$18)^63)) | BZ10: =IF(A10="","",IF((A10+64)>Model!$B$4,0,MAX(0,Model!$B$6-IF((A10+64)>=Model!$B$11,Model!$B$20,0)-IF(64<Model!$B$15,Model!$B$22,0))/(1-Model!$B$9)/(1+Model!$B$18)^64)) | CA10: =IF(A10="","",IF((A10+65)>Model!$B$4,0,MAX(0,Model!$B$6-IF((A10+65)>=Model!$B$11,Model!$B$20,0)-IF(65<Model!$B$15,Model!$B$22,0))/(1-Model!$B$9)/(1+Model!$B$18)^65)) | CB10: =IF(A10="","",IF((A10+66)>Model!$B$4,0,MAX(0,Model!$B$6-IF((A10+66)>=Model!$B$11,Model!$B$20,0)-IF(66<Model!$B$15,Model!$B$22,0))/(1-Model!$B$9)/(1+Model!$B$18)^66)) | CC10: =IF(A10="","",IF((A10+67)>Model!$B$4,0,MAX(0,Model!$B$6-IF((A10+67)>=Model!$B$11,Model!$B$20,0)-IF(67<Model!$B$15,Model!$B$22,0))/(1-Model!$B$9)/(1+Model!$B$18)^67)) | CD10: =IF(A10="","",IF((A10+68)>Model!$B$4,0,MAX(0,Model!$B$6-IF((A10+68)>=Model!$B$11,Model!$B$20,0)-IF(68<Model!$B$15,Model!$B$22,0))/(1-Model!$B$9)/(1+Model!$B$18)^68)) | CE10: =IF(A10="","",IF((A10+69)>Model!$B$4,0,MAX(0,Model!$B$6-IF((A10+69)>=Model!$B$11,Model!$B$20,0)-IF(69<Model!$B$15,Model!$B$22,0))/(1-Model!$B$9)/(1+Model!$B$18)^69)) | CF10: =IF(A10="","",IF((A10+70)>Model!$B$4,0,MAX(0,Model!$B$6-IF((A10+70)>=Model!$B$11,Model!$B$20,0)-IF(70<Model!$B$15,Model!$B$22,0))/(1-Model!$B$9)/(1+Model!$B$18)^70)) | CG10: =IF(A10="","",IF((A10+71)>Model!$B$4,0,MAX(0,Model!$B$6-IF((A10+71)>=Model!$B$11,Model!$B$20,0)-IF(71<Model!$B$15,Model!$B$22,0))/(1-Model!$B$9)/(1+Model!$B$18)^71)) | CH10: =IF(A10="","",IF((A10+72)>Model!$B$4,0,MAX(0,Model!$B$6-IF((A10+72)>=Model!$B$11,Model!$B$20,0)-IF(72<Model!$B$15,Model!$B$22,0))/(1-Model!$B$9)/(1+Model!$B$18)^72)) | CI10: =IF(A10="","",IF((A10+73)>Model!$B$4,0,MAX(0,Model!$B$6-IF((A10+73)>=Model!$B$11,Model!$B$20,0)-IF(73<Model!$B$15,Model!$B$22,0))/(1-Model!$B$9)/(1+Model!$B$18)^73)) | CJ10: =IF(A10="","",IF((A10+74)>Model!$B$4,0,MAX(0,Model!$B$6-IF((A10+74)>=Model!$B$11,Model!$B$20,0)-IF(74<Model!$B$15,Model!$B$22,0))/(1-Model!$B$9)/(1+Model!$B$18)^74)) | CK10: =IF(A10="","",IF((A10+75)>Model!$B$4,0,MAX(0,Model!$B$6-IF((A10+75)>=Model!$B$11,Model!$B$20,0)-IF(75<Model!$B$15,Model!$B$22,0))/(1-Model!$B$9)/(1+Model!$B$18)^75)) | CL10: =IF(A10="","",IF((A10+76)>Model!$B$4,0,MAX(0,Model!$B$6-IF((A10+76)>=Model!$B$11,Model!$B$20,0)-IF(76<Model!$B$15,Model!$B$22,0))/(1-Model!$B$9)/(1+Model!$B$18)^76)) | CM10: =IF(A10="","",IF((A10+77)>Model!$B$4,0,MAX(0,Model!$B$6-IF((A10+77)>=Model!$B$11,Model!$B$20,0)-IF(77<Model!$B$15,Model!$B$22,0))/(1-Model!$B$9)/(1+Model!$B$18)^77)) | CN10: =IF(A10="","",IF((A10+78)>Model!$B$4,0,MAX(0,Model!$B$6-IF((A10+78)>=Model!$B$11,Model!$B$20,0)-IF(78<Model!$B$15,Model!$B$22,0))/(1-Model!$B$9)/(1+Model!$B$18)^78)) | CO10: =IF(A10="","",IF((A10+79)>Model!$B$4,0,MAX(0,Model!$B$6-IF((A10+79)>=Model!$B$11,Model!$B$20,0)-IF(79<Model!$B$15,Model!$B$22,0))/(1-Model!$B$9)/(1+Model!$B$18)^79)) | CP10: =IF(A10="","",IF((A10+80)>Model!$B$4,0,MAX(0,Model!$B$6-IF((A10+80)>=Model!$B$11,Model!$B$20,0)-IF(80<Model!$B$15,Model!$B$22,0))/(1-Model!$B$9)/(1+Model!$B$18)^80)) | CQ10: =IF(A10="","",IF((A10+81)>Model!$B$4,0,MAX(0,Model!$B$6-IF((A10+81)>=Model!$B$11,Model!$B$20,0)-IF(81<Model!$B$15,Model!$B$22,0))/(1-Model!$B$9)/(1+Model!$B$18)^81)) | CR10: =IF(A10="","",IF((A10+82)>Model!$B$4,0,MAX(0,Model!$B$6-IF((A10+82)>=Model!$B$11,Model!$B$20,0)-IF(82<Model!$B$15,Model!$B$22,0))/(1-Model!$B$9)/(1+Model!$B$18)^82)) | CS10: =IF(A10="","",IF((A10+83)>Model!$B$4,0,MAX(0,Model!$B$6-IF((A10+83)>=Model!$B$11,Model!$B$20,0)-IF(83<Model!$B$15,Model!$B$22,0))/(1-Model!$B$9)/(1+Model!$B$18)^83)) | CT10: =IF(A10="","",IF((A10+84)>Model!$B$4,0,MAX(0,Model!$B$6-IF((A10+84)>=Model!$B$11,Model!$B$20,0)-IF(84<Model!$B$15,Model!$B$22,0))/(1-Model!$B$9)/(1+Model!$B$18)^84)) | CU10: =IF(A10="","",IF((A10+85)>Model!$B$4,0,MAX(0,Model!$B$6-IF((A10+85)>=Model!$B$11,Model!$B$20,0)-IF(85<Model!$B$15,Model!$B$22,0))/(1-Model!$B$9)/(1+Model!$B$18)^85)) | CV10: =IF(A10="","",IF((A10+86)>Model!$B$4,0,MAX(0,Model!$B$6-IF((A10+86)>=Model!$B$11,Model!$B$20,0)-IF(86<Model!$B$15,Model!$B$22,0))/(1-Model!$B$9)/(1+Model!$B$18)^86)) | CW10: =IF(A10="","",IF((A10+87)>Model!$B$4,0,MAX(0,Model!$B$6-IF((A10+87)>=Model!$B$11,Model!$B$20,0)-IF(87<Model!$B$15,Model!$B$22,0))/(1-Model!$B$9)/(1+Model!$B$18)^87)) | CX10: =IF(A10="","",IF((A10+88)>Model!$B$4,0,MAX(0,Model!$B$6-IF((A10+88)>=Model!$B$11,Model!$B$20,0)-IF(88<Model!$B$15,Model!$B$22,0))/(1-Model!$B$9)/(1+Model!$B$18)^88)) | CY10: =IF(A10="","",IF((A10+89)>Model!$B$4,0,MAX(0,Model!$B$6-IF((A10+89)>=Model!$B$11,Model!$B$20,0)-IF(89<Model!$B$15,Model!$B$22,0))/(1-Model!$B$9)/(1+Model!$B$18)^89)) | CZ10: =IF(A10="","",IF((A10+90)>Model!$B$4,0,MAX(0,Model!$B$6-IF((A10+90)>=Model!$B$11,Model!$B$20,0)-IF(90<Model!$B$15,Model!$B$22,0))/(1-Model!$B$9)/(1+Model!$B$18)^90)) | DA10: =IF(A10="","",IF((A10+91)>Model!$B$4,0,MAX(0,Model!$B$6-IF((A10+91)>=Model!$B$11,Model!$B$20,0)-IF(91<Model!$B$15,Model!$B$22,0))/(1-Model!$B$9)/(1+Model!$B$18)^91)) | DB10: =IF(A10="","",IF((A10+92)>Model!$B$4,0,MAX(0,Model!$B$6-IF((A10+92)>=Model!$B$11,Model!$B$20,0)-IF(92<Model!$B$15,Model!$B$22,0))/(1-Model!$B$9)/(1+Model!$B$18)^92)) | DC10: =IF(A10="","",IF((A10+93)>Model!$B$4,0,MAX(0,Model!$B$6-IF((A10+93)>=Model!$B$11,Model!$B$20,0)-IF(93<Model!$B$15,Model!$B$22,0))/(1-Model!$B$9)/(1+Model!$B$18)^93)) | DD10: =IF(A10="","",IF((A10+94)>Model!$B$4,0,MAX(0,Model!$B$6-IF((A10+94)>=Model!$B$11,Model!$B$20,0)-IF(94<Model!$B$15,Model!$B$22,0))/(1-Model!$B$9)/(1+Model!$B$18)^94)) | DE10: =IF(A10="","",IF((A10+95)>Model!$B$4,0,MAX(0,Model!$B$6-IF((A10+95)>=Model!$B$11,Model!$B$20,0)-IF(95<Model!$B$15,Model!$B$22,0))/(1-Model!$B$9)/(1+Model!$B$18)^95)) | DF10: =IF(A10="","",IF((A10+96)>Model!$B$4,0,MAX(0,Model!$B$6-IF((A10+96)>=Model!$B$11,Model!$B$20,0)-IF(96<Model!$B$15,Model!$B$22,0))/(1-Model!$B$9)/(1+Model!$B$18)^96)) | DG10: =IF(A10="","",IF((A10+97)>Model!$B$4,0,MAX(0,Model!$B$6-IF((A10+97)>=Model!$B$11,Model!$B$20,0)-IF(97<Model!$B$15,Model!$B$22,0))/(1-Model!$B$9)/(1+Model!$B$18)^97)) | DH10: =IF(A10="","",IF((A10+98)>Model!$B$4,0,MAX(0,Model!$B$6-IF((A10+98)>=Model!$B$11,Model!$B$20,0)-IF(98<Model!$B$15,Model!$B$22,0))/(1-Model!$B$9)/(1+Model!$B$18)^98)) | DI10: =IF(A10="","",IF((A10+99)>Model!$B$4,0,MAX(0,Model!$B$6-IF((A10+99)>=Model!$B$11,Model!$B$20,0)-IF(99<Model!$B$15,Model!$B$22,0))/(1-Model!$B$9)/(1+Model!$B$18)^99)) | DJ10: =IF(A10="","",IF((A10+100)>Model!$B$4,0,MAX(0,Model!$B$6-IF((A10+100)>=Model!$B$11,Model!$B$20,0)-IF(100<Model!$B$15,Model!$B$22,0))/(1-Model!$B$9)/(1+Model!$B$18)^100)) | DK10: =IF(A10="","",IF((A10+101)>Model!$B$4,0,MAX(0,Model!$B$6-IF((A10+101)>=Model!$B$11,Model!$B$20,0)-IF(101<Model!$B$15,Model!$B$22,0))/(1-Model!$B$9)/(1+Model!$B$18)^101)) | DL10: =IF(A10="","",IF((A10+102)>Model!$B$4,0,MAX(0,Model!$B$6-IF((A10+102)>=Model!$B$11,Model!$B$20,0)-IF(102<Model!$B$15,Model!$B$22,0))/(1-Model!$B$9)/(1+Model!$B$18)^102)) | DM10: =IF(A10="","",IF((A10+103)>Model!$B$4,0,MAX(0,Model!$B$6-IF((A10+103)>=Model!$B$11,Model!$B$20,0)-IF(103<Model!$B$15,Model!$B$22,0))/(1-Model!$B$9)/(1+Model!$B$18)^103)) | DN10: =IF(A10="","",IF((A10+104)>Model!$B$4,0,MAX(0,Model!$B$6-IF((A10+104)>=Model!$B$11,Model!$B$20,0)-IF(104<Model!$B$15,Model!$B$22,0))/(1-Model!$B$9)/(1+Model!$B$18)^104)) | DO10: =IF(A10="","",IF((A10+105)>Model!$B$4,0,MAX(0,Model!$B$6-IF((A10+105)>=Model!$B$11,Model!$B$20,0)-IF(105<Model!$B$15,Model!$B$22,0))/(1-Model!$B$9)/(1+Model!$B$18)^105)) | DP10: =IF(A10="","",IF((A10+106)>Model!$B$4,0,MAX(0,Model!$B$6-IF((A10+106)>=Model!$B$11,Model!$B$20,0)-IF(106<Model!$B$15,Model!$B$22,0))/(1-Model!$B$9)/(1+Model!$B$18)^106)) | DQ10: =IF(A10="","",IF((A10+107)>Model!$B$4,0,MAX(0,Model!$B$6-IF((A10+107)>=Model!$B$11,Model!$B$20,0)-IF(107<Model!$B$15,Model!$B$22,0))/(1-Model!$B$9)/(1+Model!$B$18)^107)) | DR10: =IF(A10="","",IF((A10+108)>Model!$B$4,0,MAX(0,Model!$B$6-IF((A10+108)>=Model!$B$11,Model!$B$20,0)-IF(108<Model!$B$15,Model!$B$22,0))/(1-Model!$B$9)/(1+Model!$B$18)^108)) | DS10: =IF(A10="","",IF((A10+109)>Model!$B$4,0,MAX(0,Model!$B$6-IF((A10+109)>=Model!$B$11,Model!$B$20,0)-IF(109<Model!$B$15,Model!$B$22,0))/(1-Model!$B$9)/(1+Model!$B$18)^109)) | DT10: =IF(A10="","",IF((A10+110)>Model!$B$4,0,MAX(0,Model!$B$6-IF((A10+110)>=Model!$B$11,Model!$B$20,0)-IF(110<Model!$B$15,Model!$B$22,0))/(1-Model!$B$9)/(1+Model!$B$18)^110)) | DU10: =IF(A10="","",IF((A10+111)>Model!$B$4,0,MAX(0,Model!$B$6-IF((A10+111)>=Model!$B$11,Model!$B$20,0)-IF(111<Model!$B$15,Model!$B$22,0))/(1-Model!$B$9)/(1+Model!$B$18)^111)) | DV10: =IF(A10="","",IF((A10+112)>Model!$B$4,0,MAX(0,Model!$B$6-IF((A10+112)>=Model!$B$11,Model!$B$20,0)-IF(112<Model!$B$15,Model!$B$22,0))/(1-Model!$B$9)/(1+Model!$B$18)^112)) | DW10: =IF(A10="","",IF((A10+113)>Model!$B$4,0,MAX(0,Model!$B$6-IF((A10+113)>=Model!$B$11,Model!$B$20,0)-IF(113<Model!$B$15,Model!$B$22,0))/(1-Model!$B$9)/(1+Model!$B$18)^113)) | DX10: =IF(A10="","",IF((A10+114)>Model!$B$4,0,MAX(0,Model!$B$6-IF((A10+114)>=Model!$B$11,Model!$B$20,0)-IF(114<Model!$B$15,Model!$B$22,0))/(1-Model!$B$9)/(1+Model!$B$18)^114)) | DY10: =IF(A10="","",IF((A10+115)>Model!$B$4,0,MAX(0,Model!$B$6-IF((A10+115)>=Model!$B$11,Model!$B$20,0)-IF(115<Model!$B$15,Model!$B$22,0))/(1-Model!$B$9)/(1+Model!$B$18)^115)) | DZ10: =IF(A10="","",IF((A10+116)>Model!$B$4,0,MAX(0,Model!$B$6-IF((A10+116)>=Model!$B$11,Model!$B$20,0)-IF(116<Model!$B$15,Model!$B$22,0))/(1-Model!$B$9)/(1+Model!$B$18)^116)) | EA10: =IF(A10="","",IF((A10+117)>Model!$B$4,0,MAX(0,Model!$B$6-IF((A10+117)>=Model!$B$11,Model!$B$20,0)-IF(117<Model!$B$15,Model!$B$22,0))/(1-Model!$B$9)/(1+Model!$B$18)^117)) | EB10: =IF(A10="","",IF((A10+118)>Model!$B$4,0,MAX(0,Model!$B$6-IF((A10+118)>=Model!$B$11,Model!$B$20,0)-IF(118<Model!$B$15,Model!$B$22,0))/(1-Model!$B$9)/(1+Model!$B$18)^118)) | EC10: =IF(A10="","",IF((A10+119)>Model!$B$4,0,MAX(0,Model!$B$6-IF((A10+119)>=Model!$B$11,Model!$B$20,0)-IF(119<Model!$B$15,Model!$B$22,0))/(1-Model!$B$9)/(1+Model!$B$18)^119)) | ED10: =IF(A10="","",IF((A10+120)>Model!$B$4,0,MAX(0,Model!$B$6-IF((A10+120)>=Model!$B$11,Model!$B$20,0)-IF(120<Model!$B$15,Model!$B$22,0))/(1-Model!$B$9)/(1+Model!$B$18)^120))
